investor_id,SIP_Count,Avg_Gap_Days,Risk_Flag
INV000001,3,38.0,Healthy
INV000002,6,82.8,At Risk
INV000003,2,238.0,Healthy
INV000004,9,53.375,At Risk
INV000005,8,52.0,At Risk
INV000006,6,99.0,At Risk
INV000007,5,104.5,Healthy
INV000008,8,50.285714285714285,At Risk
INV000009,7,80.83333333333333,At Risk
INV000010,11,32.8,Healthy
INV000011,11,45.2,At Risk
INV000012,11,41.4,At Risk
INV000013,10,36.888888888888886,At Risk
INV000014,11,47.1,At Risk
INV000015,2,127.0,Healthy
INV000016,3,87.5,Healthy
INV000017,4,131.33333333333334,Healthy
INV000018,4,110.33333333333333,Healthy
INV000019,4,136.66666666666666,Healthy
INV000020,6,57.8,At Risk
INV000021,6,75.4,At Risk
INV000022,6,95.8,At Risk
INV000023,10,45.55555555555556,At Risk
INV000024,8,43.285714285714285,At Risk
INV000025,1,,Healthy
INV000026,7,72.33333333333333,At Risk
INV000027,7,58.5,At Risk
INV000028,9,58.5,At Risk
INV000029,11,36.4,At Risk
INV000030,12,38.27272727272727,At Risk
INV000031,6,85.0,At Risk
INV000032,8,67.71428571428571,At Risk
INV000033,11,46.2,At Risk
INV000034,3,52.0,Healthy
INV000035,2,144.0,Healthy
INV000036,2,99.0,Healthy
INV000037,5,62.5,Healthy
INV000038,7,64.16666666666667,At Risk
INV000039,8,52.857142857142854,At Risk
INV000040,10,51.55555555555556,At Risk
INV000041,6,68.6,At Risk
INV000042,5,17.0,Healthy
INV000043,3,181.0,Healthy
INV000044,6,89.0,At Risk
INV000045,10,39.22222222222222,At Risk
INV000046,7,72.0,At Risk
INV000047,5,60.5,Healthy
INV000048,11,36.8,At Risk
INV000049,3,247.5,Healthy
INV000050,3,71.5,Healthy
INV000051,6,63.2,At Risk
INV000052,10,46.0,At Risk
INV000053,2,7.0,Healthy
INV000054,7,56.0,At Risk
INV000055,12,36.36363636363637,At Risk
INV000056,8,66.85714285714286,At Risk
INV000057,11,34.8,Healthy
INV000058,7,56.833333333333336,At Risk
INV000059,1,,Healthy
INV000060,2,90.0,Healthy
INV000061,5,67.25,Healthy
INV000062,8,66.28571428571429,At Risk
INV000063,3,218.0,Healthy
INV000064,1,,Healthy
INV000065,6,91.8,At Risk
INV000066,7,40.833333333333336,At Risk
INV000067,1,,Healthy
INV000068,1,,Healthy
INV000069,12,40.18181818181818,At Risk
INV000070,4,113.66666666666667,Healthy
INV000071,7,14.333333333333334,Healthy
INV000072,10,46.666666666666664,At Risk
INV000073,10,45.666666666666664,At Risk
INV000074,11,50.8,At Risk
INV000075,7,62.333333333333336,At Risk
INV000076,9,58.375,At Risk
INV000077,2,87.0,Healthy
INV000078,4,153.0,Healthy
INV000079,9,56.125,At Risk
INV000080,5,60.75,Healthy
INV000081,11,48.8,At Risk
INV000082,9,62.75,At Risk
INV000083,2,180.0,Healthy
INV000084,7,76.5,At Risk
INV000085,8,52.142857142857146,At Risk
INV000086,12,36.54545454545455,At Risk
INV000087,10,51.55555555555556,At Risk
INV000088,4,23.333333333333332,Healthy
INV000089,11,49.1,At Risk
INV000090,7,48.5,At Risk
INV000091,12,45.63636363636363,At Risk
INV000092,5,89.25,Healthy
INV000093,10,49.333333333333336,At Risk
INV000094,11,44.8,At Risk
INV000095,9,52.375,At Risk
INV000096,2,2.0,Healthy
INV000097,11,45.7,At Risk
INV000098,7,66.83333333333333,At Risk
INV000099,8,52.42857142857143,At Risk
INV000100,8,61.42857142857143,At Risk
INV000101,12,42.18181818181818,At Risk
INV000102,11,45.7,At Risk
INV000103,8,63.857142857142854,At Risk
INV000104,12,45.0,At Risk
INV000105,10,44.333333333333336,At Risk
INV000106,4,63.0,Healthy
INV000107,5,50.0,Healthy
INV000108,9,45.625,At Risk
INV000109,10,41.111111111111114,At Risk
INV000110,3,122.0,Healthy
INV000111,2,205.0,Healthy
INV000112,4,80.33333333333333,Healthy
INV000113,9,55.625,At Risk
INV000114,4,47.333333333333336,Healthy
INV000115,6,94.0,At Risk
INV000116,5,78.75,Healthy
INV000117,8,54.857142857142854,At Risk
INV000118,6,50.6,At Risk
INV000119,2,142.0,Healthy
INV000120,4,116.0,Healthy
INV000121,4,133.66666666666666,Healthy
INV000122,1,,Healthy
INV000123,9,44.75,At Risk
INV000124,6,86.8,At Risk
INV000125,7,57.166666666666664,At Risk
INV000126,3,192.5,Healthy
INV000127,3,131.5,Healthy
INV000128,10,45.55555555555556,At Risk
INV000129,11,49.1,At Risk
INV000130,10,38.22222222222222,At Risk
INV000131,12,37.72727272727273,At Risk
INV000132,9,46.125,At Risk
INV000133,7,73.5,At Risk
INV000134,3,87.0,Healthy
INV000135,4,103.33333333333333,Healthy
INV000136,1,,Healthy
INV000137,9,41.75,At Risk
INV000138,12,45.36363636363637,At Risk
INV000139,1,,Healthy
INV000140,4,119.33333333333333,Healthy
INV000141,1,,Healthy
INV000142,1,,Healthy
INV000143,7,51.333333333333336,At Risk
INV000144,6,73.0,At Risk
INV000145,9,55.875,At Risk
INV000146,8,47.714285714285715,At Risk
INV000147,7,58.0,At Risk
INV000148,10,46.22222222222222,At Risk
INV000149,1,,Healthy
INV000150,9,58.0,At Risk
INV000151,6,66.8,At Risk
INV000152,2,87.0,Healthy
INV000153,10,31.444444444444443,Healthy
INV000154,9,59.125,At Risk
INV000155,8,55.285714285714285,At Risk
INV000156,7,79.83333333333333,At Risk
INV000157,1,,Healthy
INV000158,8,63.714285714285715,At Risk
INV000159,3,201.0,Healthy
INV000160,5,71.0,Healthy
INV000161,9,54.75,At Risk
INV000162,2,435.0,Healthy
INV000163,10,47.44444444444444,At Risk
INV000164,6,61.8,At Risk
INV000165,9,58.875,At Risk
INV000166,7,83.0,At Risk
INV000167,9,63.0,At Risk
INV000168,3,192.0,Healthy
INV000169,12,41.18181818181818,At Risk
INV000170,3,25.5,Healthy
INV000171,4,86.66666666666667,Healthy
INV000172,5,100.0,Healthy
INV000173,11,34.6,Healthy
INV000174,8,68.28571428571429,At Risk
INV000175,12,45.63636363636363,At Risk
INV000176,5,119.25,Healthy
INV000177,11,45.8,At Risk
INV000178,2,230.0,Healthy
INV000179,6,35.8,At Risk
INV000180,8,47.857142857142854,At Risk
INV000181,10,52.333333333333336,At Risk
INV000182,10,55.22222222222222,At Risk
INV000183,12,41.54545454545455,At Risk
INV000184,1,,Healthy
INV000185,2,196.0,Healthy
INV000186,2,121.0,Healthy
INV000187,1,,Healthy
INV000188,2,219.0,Healthy
INV000189,6,91.6,At Risk
INV000190,8,65.71428571428571,At Risk
INV000191,11,42.4,At Risk
INV000192,8,57.0,At Risk
INV000193,9,58.25,At Risk
INV000194,12,33.72727272727273,Healthy
INV000195,10,45.77777777777778,At Risk
INV000196,9,56.75,At Risk
INV000197,4,134.66666666666666,Healthy
INV000198,1,,Healthy
INV000199,7,64.33333333333333,At Risk
INV000200,7,69.83333333333333,At Risk
INV000201,10,48.666666666666664,At Risk
INV000202,3,174.0,Healthy
INV000203,9,39.875,At Risk
INV000204,7,69.0,At Risk
INV000205,10,48.666666666666664,At Risk
INV000206,3,130.0,Healthy
INV000207,5,95.0,Healthy
INV000208,1,,Healthy
INV000209,2,29.0,Healthy
INV000210,9,61.875,At Risk
INV000211,9,61.0,At Risk
INV000212,2,88.0,Healthy
INV000213,6,54.0,At Risk
INV000214,10,52.666666666666664,At Risk
INV000215,9,56.375,At Risk
INV000216,6,53.0,At Risk
INV000217,11,46.0,At Risk
INV000218,1,,Healthy
INV000219,5,63.0,Healthy
INV000220,6,80.6,At Risk
INV000221,8,38.42857142857143,At Risk
INV000222,6,45.6,At Risk
INV000223,11,49.8,At Risk
INV000224,7,57.5,At Risk
INV000225,8,53.714285714285715,At Risk
INV000226,8,69.57142857142857,At Risk
INV000227,5,56.75,Healthy
INV000228,12,43.45454545454545,At Risk
INV000229,7,46.333333333333336,At Risk
INV000230,10,50.666666666666664,At Risk
INV000231,11,34.1,Healthy
INV000232,2,205.0,Healthy
INV000233,2,205.0,Healthy
INV000234,7,81.16666666666667,At Risk
INV000235,10,42.111111111111114,At Risk
INV000236,8,67.14285714285714,At Risk
INV000237,3,81.5,Healthy
INV000238,10,52.0,At Risk
INV000239,11,34.2,Healthy
INV000240,2,74.0,Healthy
INV000241,10,40.888888888888886,At Risk
INV000242,10,49.55555555555556,At Risk
INV000243,8,63.0,At Risk
INV000244,9,34.0,Healthy
INV000245,11,46.1,At Risk
INV000246,4,92.33333333333333,Healthy
INV000247,1,,Healthy
INV000248,4,85.33333333333333,Healthy
INV000249,8,39.0,At Risk
INV000250,1,,Healthy
INV000251,6,65.0,At Risk
INV000252,10,36.77777777777778,At Risk
INV000253,2,458.0,Healthy
INV000254,2,249.0,Healthy
INV000255,8,56.0,At Risk
INV000256,12,38.45454545454545,At Risk
INV000257,8,53.285714285714285,At Risk
INV000258,1,,Healthy
INV000259,9,44.125,At Risk
INV000260,12,37.90909090909091,At Risk
INV000261,10,50.44444444444444,At Risk
INV000262,12,34.09090909090909,Healthy
INV000263,9,59.875,At Risk
INV000264,3,81.5,Healthy
INV000265,12,43.72727272727273,At Risk
INV000266,7,62.166666666666664,At Risk
INV000267,12,34.45454545454545,Healthy
INV000268,11,43.2,At Risk
INV000269,4,112.0,Healthy
INV000270,6,48.8,At Risk
INV000271,6,93.6,At Risk
INV000272,4,96.33333333333333,Healthy
INV000273,1,,Healthy
INV000274,6,89.2,At Risk
INV000275,4,134.33333333333334,Healthy
INV000276,6,68.4,At Risk
INV000277,1,,Healthy
INV000278,8,67.0,At Risk
INV000279,12,31.545454545454547,Healthy
INV000280,12,40.54545454545455,At Risk
INV000281,4,136.33333333333334,Healthy
INV000282,4,114.0,Healthy
INV000283,11,46.5,At Risk
INV000284,7,63.666666666666664,At Risk
INV000285,5,65.5,Healthy
INV000286,7,79.5,At Risk
INV000287,9,52.375,At Risk
INV000288,9,57.125,At Risk
INV000289,12,39.90909090909091,At Risk
INV000290,4,106.33333333333333,Healthy
INV000291,9,55.625,At Risk
INV000292,11,35.8,At Risk
INV000293,12,45.45454545454545,At Risk
INV000294,7,62.333333333333336,At Risk
INV000295,3,48.5,Healthy
INV000296,8,58.57142857142857,At Risk
INV000297,9,56.625,At Risk
INV000298,6,74.0,At Risk
INV000299,11,48.8,At Risk
INV000300,3,76.5,Healthy
INV000301,7,45.666666666666664,At Risk
INV000302,2,25.0,Healthy
INV000303,6,88.4,At Risk
INV000304,10,53.111111111111114,At Risk
INV000305,9,44.0,At Risk
INV000306,3,76.0,Healthy
INV000307,7,75.66666666666667,At Risk
INV000308,7,82.66666666666667,At Risk
INV000309,12,41.54545454545455,At Risk
INV000310,12,41.36363636363637,At Risk
INV000311,4,101.33333333333333,Healthy
INV000312,8,68.42857142857143,At Risk
INV000313,5,126.75,Healthy
INV000314,9,50.25,At Risk
INV000315,5,56.75,Healthy
INV000316,6,77.0,At Risk
INV000317,5,110.5,Healthy
INV000318,8,69.57142857142857,At Risk
INV000319,9,55.125,At Risk
INV000320,12,38.18181818181818,At Risk
INV000321,12,44.27272727272727,At Risk
INV000322,4,143.66666666666666,Healthy
INV000323,6,59.6,At Risk
INV000324,3,250.0,Healthy
INV000325,3,113.5,Healthy
INV000326,6,74.4,At Risk
INV000327,4,167.66666666666666,Healthy
INV000328,12,29.545454545454547,Healthy
INV000329,4,88.66666666666667,Healthy
INV000330,9,55.625,At Risk
INV000331,11,47.7,At Risk
INV000332,6,64.4,At Risk
INV000333,6,90.2,At Risk
INV000334,12,26.636363636363637,Healthy
INV000335,11,48.0,At Risk
INV000336,2,150.0,Healthy
INV000337,7,69.0,At Risk
INV000338,4,29.666666666666668,Healthy
INV000339,10,57.111111111111114,At Risk
INV000340,6,25.6,Healthy
INV000341,11,46.1,At Risk
INV000342,1,,Healthy
INV000343,4,126.66666666666667,Healthy
INV000344,10,41.22222222222222,At Risk
INV000345,1,,Healthy
INV000346,6,52.8,At Risk
INV000347,2,224.0,Healthy
INV000348,4,109.66666666666667,Healthy
INV000349,11,45.2,At Risk
INV000350,2,85.0,Healthy
INV000351,8,49.57142857142857,At Risk
INV000352,6,64.6,At Risk
INV000353,3,173.0,Healthy
INV000354,7,78.16666666666667,At Risk
INV000355,1,,Healthy
INV000356,8,38.857142857142854,At Risk
INV000357,5,86.25,Healthy
INV000358,2,88.0,Healthy
INV000359,10,48.111111111111114,At Risk
INV000360,9,61.125,At Risk
INV000361,6,46.0,At Risk
INV000362,2,264.0,Healthy
INV000363,8,66.0,At Risk
INV000364,4,63.0,Healthy
INV000365,1,,Healthy
INV000366,8,35.142857142857146,At Risk
INV000367,5,42.25,Healthy
INV000368,2,509.0,Healthy
INV000369,8,37.714285714285715,At Risk
INV000370,6,93.4,At Risk
INV000371,11,41.5,At Risk
INV000372,10,42.888888888888886,At Risk
INV000373,3,145.5,Healthy
INV000374,8,55.857142857142854,At Risk
INV000375,1,,Healthy
INV000376,3,106.5,Healthy
INV000377,8,61.42857142857143,At Risk
INV000378,6,47.0,At Risk
INV000379,4,112.0,Healthy
INV000380,7,80.83333333333333,At Risk
INV000381,2,114.0,Healthy
INV000382,2,70.0,Healthy
INV000383,10,52.333333333333336,At Risk
INV000384,7,57.833333333333336,At Risk
INV000385,5,69.5,Healthy
INV000386,1,,Healthy
INV000387,9,48.0,At Risk
INV000388,10,47.666666666666664,At Risk
INV000389,6,95.0,At Risk
INV000390,8,52.42857142857143,At Risk
INV000391,1,,Healthy
INV000392,12,42.72727272727273,At Risk
INV000393,7,75.33333333333333,At Risk
INV000394,11,44.1,At Risk
INV000395,9,51.5,At Risk
INV000396,12,44.63636363636363,At Risk
INV000397,6,87.2,At Risk
INV000398,2,72.0,Healthy
INV000399,11,44.6,At Risk
INV000400,10,34.77777777777778,Healthy
INV000401,4,21.333333333333332,Healthy
INV000402,7,47.0,At Risk
INV000403,11,43.2,At Risk
INV000404,2,355.0,Healthy
INV000405,3,32.5,Healthy
INV000406,2,16.0,Healthy
INV000407,8,66.71428571428571,At Risk
INV000408,7,55.5,At Risk
INV000409,4,125.0,Healthy
INV000410,8,56.285714285714285,At Risk
INV000411,6,57.4,At Risk
INV000412,9,38.25,At Risk
INV000413,10,51.55555555555556,At Risk
INV000414,11,46.4,At Risk
INV000415,10,52.666666666666664,At Risk
INV000416,2,119.0,Healthy
INV000417,7,52.166666666666664,At Risk
INV000418,9,55.625,At Risk
INV000419,5,91.5,Healthy
INV000420,1,,Healthy
INV000421,7,80.16666666666667,At Risk
INV000422,1,,Healthy
INV000423,3,187.5,Healthy
INV000424,2,100.0,Healthy
INV000425,7,56.333333333333336,At Risk
INV000426,3,105.0,Healthy
INV000427,11,41.1,At Risk
INV000428,11,48.1,At Risk
INV000429,8,55.57142857142857,At Risk
INV000430,6,94.6,At Risk
INV000431,8,59.285714285714285,At Risk
INV000432,7,78.33333333333333,At Risk
INV000433,5,66.5,Healthy
INV000434,1,,Healthy
INV000435,1,,Healthy
INV000436,6,58.4,At Risk
INV000437,9,61.125,At Risk
INV000438,4,100.33333333333333,Healthy
INV000439,12,34.45454545454545,Healthy
INV000440,12,44.81818181818182,At Risk
INV000441,8,60.714285714285715,At Risk
INV000442,4,145.0,Healthy
INV000443,5,124.25,Healthy
INV000444,11,36.6,At Risk
INV000445,11,46.2,At Risk
INV000446,10,40.888888888888886,At Risk
INV000447,1,,Healthy
INV000448,5,100.0,Healthy
INV000449,8,69.71428571428571,At Risk
INV000450,2,31.0,Healthy
INV000451,2,33.0,Healthy
INV000452,12,35.90909090909091,At Risk
INV000453,8,42.0,At Risk
INV000454,6,93.0,At Risk
INV000455,3,123.0,Healthy
INV000456,6,47.4,At Risk
INV000457,12,41.54545454545455,At Risk
INV000458,12,42.0,At Risk
INV000459,5,76.75,Healthy
INV000460,12,43.09090909090909,At Risk
INV000461,3,67.5,Healthy
INV000462,2,79.0,Healthy
INV000463,10,43.44444444444444,At Risk
INV000464,1,,Healthy
INV000465,5,96.0,Healthy
INV000466,10,48.888888888888886,At Risk
INV000467,10,56.666666666666664,At Risk
INV000468,1,,Healthy
INV000469,12,38.45454545454545,At Risk
INV000470,4,148.33333333333334,Healthy
INV000471,5,83.75,Healthy
INV000472,3,195.5,Healthy
INV000473,8,49.57142857142857,At Risk
INV000474,5,103.5,Healthy
INV000475,3,218.0,Healthy
INV000476,4,45.333333333333336,Healthy
INV000477,10,44.666666666666664,At Risk
INV000478,3,30.5,Healthy
INV000479,2,99.0,Healthy
INV000480,9,56.625,At Risk
INV000481,10,52.111111111111114,At Risk
INV000482,10,47.0,At Risk
INV000483,11,49.3,At Risk
INV000484,1,,Healthy
INV000485,6,85.8,At Risk
INV000486,3,86.0,Healthy
INV000487,7,76.5,At Risk
INV000488,7,75.16666666666667,At Risk
INV000489,5,87.0,Healthy
INV000490,3,115.5,Healthy
INV000491,12,43.18181818181818,At Risk
INV000492,7,74.33333333333333,At Risk
INV000493,12,38.90909090909091,At Risk
INV000494,7,55.166666666666664,At Risk
INV000495,12,38.54545454545455,At Risk
INV000496,7,54.166666666666664,At Risk
INV000497,10,54.22222222222222,At Risk
INV000498,4,98.66666666666667,Healthy
INV000499,9,58.375,At Risk
INV000500,8,52.857142857142854,At Risk
INV000501,3,100.5,Healthy
INV000502,1,,Healthy
INV000503,4,47.666666666666664,Healthy
INV000504,1,,Healthy
INV000505,6,82.0,At Risk
INV000506,3,71.5,Healthy
INV000507,9,56.375,At Risk
INV000508,2,124.0,Healthy
INV000509,5,64.25,Healthy
INV000510,4,150.0,Healthy
INV000511,8,62.57142857142857,At Risk
INV000512,12,42.45454545454545,At Risk
INV000513,2,103.0,Healthy
INV000514,8,43.142857142857146,At Risk
INV000515,3,189.5,Healthy
INV000516,2,340.0,Healthy
INV000517,5,119.0,Healthy
INV000518,2,217.0,Healthy
INV000519,6,74.2,At Risk
INV000520,6,68.2,At Risk
INV000521,9,43.25,At Risk
INV000522,12,45.81818181818182,At Risk
INV000523,10,53.111111111111114,At Risk
INV000524,10,41.22222222222222,At Risk
INV000525,8,49.142857142857146,At Risk
INV000526,10,44.333333333333336,At Risk
INV000527,11,50.2,At Risk
INV000528,1,,Healthy
INV000529,11,41.3,At Risk
INV000530,5,109.25,Healthy
INV000531,11,28.4,Healthy
INV000532,11,48.3,At Risk
INV000533,8,65.71428571428571,At Risk
INV000534,2,243.0,Healthy
INV000535,6,97.4,At Risk
INV000536,4,93.0,Healthy
INV000537,5,71.0,Healthy
INV000538,5,36.5,Healthy
INV000539,9,57.75,At Risk
INV000540,11,48.4,At Risk
INV000541,2,56.0,Healthy
INV000542,5,123.25,Healthy
INV000543,8,71.71428571428571,At Risk
INV000544,8,62.285714285714285,At Risk
INV000545,10,50.666666666666664,At Risk
INV000546,12,40.0,At Risk
INV000547,12,43.72727272727273,At Risk
INV000548,8,67.28571428571429,At Risk
INV000549,10,53.44444444444444,At Risk
INV000550,5,111.75,Healthy
INV000551,4,131.0,Healthy
INV000552,10,55.111111111111114,At Risk
INV000553,7,60.0,At Risk
INV000554,10,39.0,At Risk
INV000555,3,216.5,Healthy
INV000556,11,41.3,At Risk
INV000557,6,88.0,At Risk
INV000558,8,61.42857142857143,At Risk
INV000559,5,107.5,Healthy
INV000560,5,87.25,Healthy
INV000561,1,,Healthy
INV000562,7,62.0,At Risk
INV000563,12,41.63636363636363,At Risk
INV000564,4,90.0,Healthy
INV000565,3,153.0,Healthy
INV000566,12,39.63636363636363,At Risk
INV000567,12,40.54545454545455,At Risk
INV000568,9,39.0,At Risk
INV000569,12,42.18181818181818,At Risk
INV000570,11,47.1,At Risk
INV000571,1,,Healthy
INV000572,5,112.0,Healthy
INV000573,12,27.727272727272727,Healthy
INV000574,3,100.5,Healthy
INV000575,8,52.714285714285715,At Risk
INV000576,9,52.75,At Risk
INV000577,11,43.4,At Risk
INV000578,12,45.81818181818182,At Risk
INV000579,1,,Healthy
INV000580,9,49.25,At Risk
INV000581,12,42.72727272727273,At Risk
INV000582,1,,Healthy
INV000583,9,51.75,At Risk
INV000584,8,63.857142857142854,At Risk
INV000585,9,61.125,At Risk
INV000586,12,44.54545454545455,At Risk
INV000587,12,33.81818181818182,Healthy
INV000588,2,444.0,Healthy
INV000589,11,47.3,At Risk
INV000590,4,84.66666666666667,Healthy
INV000591,8,55.285714285714285,At Risk
INV000592,5,99.75,Healthy
INV000593,11,43.8,At Risk
INV000594,1,,Healthy
INV000595,10,53.44444444444444,At Risk
INV000596,12,43.27272727272727,At Risk
INV000597,8,63.285714285714285,At Risk
INV000598,6,93.6,At Risk
INV000599,10,54.333333333333336,At Risk
INV000600,6,88.8,At Risk
INV000601,10,32.666666666666664,Healthy
INV000602,10,45.77777777777778,At Risk
INV000603,4,132.66666666666666,Healthy
INV000604,10,42.55555555555556,At Risk
INV000605,2,223.0,Healthy
INV000606,12,38.27272727272727,At Risk
INV000607,10,50.22222222222222,At Risk
INV000608,7,83.5,At Risk
INV000609,12,26.09090909090909,Healthy
INV000610,1,,Healthy
INV000611,6,69.2,At Risk
INV000612,12,44.81818181818182,At Risk
INV000613,4,82.33333333333333,Healthy
INV000614,7,26.0,Healthy
INV000615,9,46.125,At Risk
INV000616,9,61.5,At Risk
INV000617,3,64.0,Healthy
INV000618,2,7.0,Healthy
INV000619,9,26.0,Healthy
INV000620,1,,Healthy
INV000621,10,47.111111111111114,At Risk
INV000622,5,89.5,Healthy
INV000623,10,48.44444444444444,At Risk
INV000624,9,43.75,At Risk
INV000625,12,41.45454545454545,At Risk
INV000626,6,73.4,At Risk
INV000627,3,236.5,Healthy
INV000628,2,304.0,Healthy
INV000629,6,75.6,At Risk
INV000630,9,54.25,At Risk
INV000631,9,41.375,At Risk
INV000632,4,140.33333333333334,Healthy
INV000633,6,86.2,At Risk
INV000634,11,41.8,At Risk
INV000635,8,53.57142857142857,At Risk
INV000636,6,54.4,At Risk
INV000637,6,64.2,At Risk
INV000638,8,71.0,At Risk
INV000639,11,50.8,At Risk
INV000640,1,,Healthy
INV000641,8,44.857142857142854,At Risk
INV000642,11,50.2,At Risk
INV000643,7,51.5,At Risk
INV000644,6,69.4,At Risk
INV000645,12,30.0,Healthy
INV000646,12,37.63636363636363,At Risk
INV000647,4,105.66666666666667,Healthy
INV000648,4,65.33333333333333,Healthy
INV000649,10,52.22222222222222,At Risk
INV000650,5,108.5,Healthy
INV000651,8,70.85714285714286,At Risk
INV000652,12,43.36363636363637,At Risk
INV000653,2,164.0,Healthy
INV000654,6,91.4,At Risk
INV000655,2,132.0,Healthy
INV000656,7,62.333333333333336,At Risk
INV000657,10,50.333333333333336,At Risk
INV000658,9,47.375,At Risk
INV000659,5,125.0,Healthy
INV000660,6,42.0,At Risk
INV000661,8,60.42857142857143,At Risk
INV000662,11,46.3,At Risk
INV000663,6,94.4,At Risk
INV000664,8,46.714285714285715,At Risk
INV000665,12,29.636363636363637,Healthy
INV000666,7,62.166666666666664,At Risk
INV000667,12,43.54545454545455,At Risk
INV000668,5,127.0,Healthy
INV000669,4,128.66666666666666,Healthy
INV000670,5,50.5,Healthy
INV000671,12,38.72727272727273,At Risk
INV000672,3,37.0,Healthy
INV000673,6,92.8,At Risk
INV000674,3,30.5,Healthy
INV000675,12,36.63636363636363,At Risk
INV000676,12,32.09090909090909,Healthy
INV000677,4,151.0,Healthy
INV000678,11,38.0,At Risk
INV000679,5,82.25,Healthy
INV000680,3,161.5,Healthy
INV000681,3,137.5,Healthy
INV000682,6,96.6,At Risk
INV000683,11,50.6,At Risk
INV000684,5,111.5,Healthy
INV000685,2,11.0,Healthy
INV000686,2,203.0,Healthy
INV000687,5,88.5,Healthy
INV000688,3,44.5,Healthy
INV000689,8,46.714285714285715,At Risk
INV000690,12,45.90909090909091,At Risk
INV000691,10,52.888888888888886,At Risk
INV000692,1,,Healthy
INV000693,10,44.333333333333336,At Risk
INV000694,7,82.5,At Risk
INV000695,8,63.285714285714285,At Risk
INV000696,4,104.66666666666667,Healthy
INV000697,1,,Healthy
INV000698,12,38.0,At Risk
INV000699,8,36.42857142857143,At Risk
INV000700,3,60.5,Healthy
INV000701,11,50.2,At Risk
INV000702,3,143.5,Healthy
INV000703,7,84.0,At Risk
INV000704,9,50.625,At Risk
INV000705,4,114.33333333333333,Healthy
INV000706,9,54.5,At Risk
INV000707,10,45.0,At Risk
INV000708,8,66.0,At Risk
INV000709,12,39.54545454545455,At Risk
INV000710,7,73.83333333333333,At Risk
INV000711,8,60.0,At Risk
INV000712,1,,Healthy
INV000713,4,87.66666666666667,Healthy
INV000714,12,26.90909090909091,Healthy
INV000715,7,55.333333333333336,At Risk
INV000716,2,192.0,Healthy
INV000717,7,77.66666666666667,At Risk
INV000718,10,38.55555555555556,At Risk
INV000719,12,40.72727272727273,At Risk
INV000720,8,70.71428571428571,At Risk
INV000721,7,78.0,At Risk
INV000722,9,52.125,At Risk
INV000723,6,86.6,At Risk
INV000724,9,50.75,At Risk
INV000725,8,58.0,At Risk
INV000726,7,69.5,At Risk
INV000727,3,13.0,Healthy
INV000728,9,39.125,At Risk
INV000729,5,109.75,Healthy
INV000730,5,81.75,Healthy
INV000731,4,88.0,Healthy
INV000732,10,42.333333333333336,At Risk
INV000733,7,74.5,At Risk
INV000734,11,46.3,At Risk
INV000735,8,61.42857142857143,At Risk
INV000736,10,44.333333333333336,At Risk
INV000737,8,66.14285714285714,At Risk
INV000738,8,49.57142857142857,At Risk
INV000739,8,60.714285714285715,At Risk
INV000740,2,223.0,Healthy
INV000741,8,65.71428571428571,At Risk
INV000742,6,83.0,At Risk
INV000743,4,105.33333333333333,Healthy
INV000744,10,28.22222222222222,Healthy
INV000745,6,88.8,At Risk
INV000746,9,60.5,At Risk
INV000747,11,45.7,At Risk
INV000748,4,89.66666666666667,Healthy
INV000749,12,40.45454545454545,At Risk
INV000750,12,35.36363636363637,At Risk
INV000751,11,42.4,At Risk
INV000752,7,78.66666666666667,At Risk
INV000753,7,50.666666666666664,At Risk
INV000754,11,44.7,At Risk
INV000755,7,66.16666666666667,At Risk
INV000756,4,78.0,Healthy
INV000757,6,83.4,At Risk
INV000758,10,50.44444444444444,At Risk
INV000759,11,49.8,At Risk
INV000760,4,102.66666666666667,Healthy
INV000761,11,49.4,At Risk
INV000762,4,161.66666666666666,Healthy
INV000763,1,,Healthy
INV000764,8,57.57142857142857,At Risk
INV000765,12,43.0,At Risk
INV000766,4,118.33333333333333,Healthy
INV000767,6,94.2,At Risk
INV000768,12,38.18181818181818,At Risk
INV000769,7,76.66666666666667,At Risk
INV000770,3,24.5,Healthy
INV000771,5,94.0,Healthy
INV000772,12,36.36363636363637,At Risk
INV000773,1,,Healthy
INV000774,9,55.25,At Risk
INV000775,5,99.25,Healthy
INV000776,11,42.1,At Risk
INV000777,8,47.142857142857146,At Risk
INV000778,11,48.1,At Risk
INV000779,12,40.36363636363637,At Risk
INV000780,1,,Healthy
INV000781,5,96.25,Healthy
INV000782,6,35.4,At Risk
INV000783,12,44.36363636363637,At Risk
INV000784,8,62.42857142857143,At Risk
INV000785,11,38.9,At Risk
INV000786,10,57.0,At Risk
INV000787,1,,Healthy
INV000788,7,52.5,At Risk
INV000789,10,44.333333333333336,At Risk
INV000790,1,,Healthy
INV000791,9,56.125,At Risk
INV000792,2,271.0,Healthy
INV000793,11,48.4,At Risk
INV000794,1,,Healthy
INV000795,4,116.33333333333333,Healthy
INV000796,4,97.66666666666667,Healthy
INV000797,5,117.0,Healthy
INV000798,1,,Healthy
INV000799,7,80.83333333333333,At Risk
INV000800,5,108.5,Healthy
INV000801,4,110.33333333333333,Healthy
INV000802,5,44.5,Healthy
INV000803,9,57.875,At Risk
INV000804,6,92.2,At Risk
INV000805,1,,Healthy
INV000806,12,34.09090909090909,Healthy
INV000807,2,3.0,Healthy
INV000808,4,138.66666666666666,Healthy
INV000809,5,105.0,Healthy
INV000810,10,38.0,At Risk
INV000811,6,58.2,At Risk
INV000812,1,,Healthy
INV000813,8,62.142857142857146,At Risk
INV000814,7,78.33333333333333,At Risk
INV000815,4,88.66666666666667,Healthy
INV000816,5,74.75,Healthy
INV000817,1,,Healthy
INV000818,5,122.75,Healthy
INV000819,6,48.0,At Risk
INV000820,3,103.5,Healthy
INV000821,9,44.5,At Risk
INV000822,9,41.625,At Risk
INV000823,10,35.44444444444444,At Risk
INV000824,4,140.66666666666666,Healthy
INV000825,5,70.0,Healthy
INV000826,7,74.5,At Risk
INV000827,10,45.333333333333336,At Risk
INV000828,2,429.0,Healthy
INV000829,9,58.875,At Risk
INV000830,10,44.44444444444444,At Risk
INV000831,6,54.0,At Risk
INV000832,4,83.66666666666667,Healthy
INV000833,10,56.44444444444444,At Risk
INV000834,4,88.0,Healthy
INV000835,1,,Healthy
INV000836,7,70.66666666666667,At Risk
INV000837,3,209.0,Healthy
INV000838,4,98.33333333333333,Healthy
INV000839,3,189.5,Healthy
INV000840,9,62.875,At Risk
INV000841,7,71.33333333333333,At Risk
INV000842,1,,Healthy
INV000843,11,35.8,At Risk
INV000844,10,44.111111111111114,At Risk
INV000845,7,46.5,At Risk
INV000846,5,90.5,Healthy
INV000847,11,26.9,Healthy
INV000848,2,132.0,Healthy
INV000849,11,47.2,At Risk
INV000850,6,28.6,Healthy
INV000851,9,53.375,At Risk
INV000852,5,110.75,Healthy
INV000853,12,40.36363636363637,At Risk
INV000854,10,54.44444444444444,At Risk
INV000855,4,152.66666666666666,Healthy
INV000856,9,55.0,At Risk
INV000857,9,52.125,At Risk
INV000858,11,35.9,At Risk
INV000859,3,132.0,Healthy
INV000860,10,47.44444444444444,At Risk
INV000861,9,54.875,At Risk
INV000862,9,59.625,At Risk
INV000863,1,,Healthy
INV000864,11,42.0,At Risk
INV000865,11,40.4,At Risk
INV000866,2,141.0,Healthy
INV000867,5,69.25,Healthy
INV000868,1,,Healthy
INV000869,10,37.22222222222222,At Risk
INV000870,6,70.4,At Risk
INV000871,1,,Healthy
INV000872,1,,Healthy
INV000873,10,49.0,At Risk
INV000874,12,45.18181818181818,At Risk
INV000875,3,51.0,Healthy
INV000876,6,37.0,At Risk
INV000877,9,37.125,At Risk
INV000878,2,66.0,Healthy
INV000879,3,85.0,Healthy
INV000880,6,84.8,At Risk
INV000881,12,37.72727272727273,At Risk
INV000882,1,,Healthy
INV000883,2,257.0,Healthy
INV000884,4,81.0,Healthy
INV000885,6,87.0,At Risk
INV000886,2,100.0,Healthy
INV000887,11,40.6,At Risk
INV000888,9,60.25,At Risk
INV000889,2,263.0,Healthy
INV000890,7,43.333333333333336,At Risk
INV000891,9,55.0,At Risk
INV000892,6,77.0,At Risk
INV000893,9,45.375,At Risk
INV000894,12,43.54545454545455,At Risk
INV000895,8,63.57142857142857,At Risk
INV000896,2,173.0,Healthy
INV000897,5,64.25,Healthy
INV000898,3,164.0,Healthy
INV000899,3,171.0,Healthy
INV000900,5,92.25,Healthy
INV000901,7,45.166666666666664,At Risk
INV000902,10,43.111111111111114,At Risk
INV000903,1,,Healthy
INV000904,5,98.5,Healthy
INV000905,1,,Healthy
INV000906,11,36.8,At Risk
INV000907,9,40.5,At Risk
INV000908,5,64.25,Healthy
INV000909,6,82.8,At Risk
INV000910,5,88.25,Healthy
INV000911,1,,Healthy
INV000912,11,41.5,At Risk
INV000913,7,76.33333333333333,At Risk
INV000914,9,55.5,At Risk
INV000915,6,78.2,At Risk
INV000916,1,,Healthy
INV000917,1,,Healthy
INV000918,3,151.5,Healthy
INV000919,7,58.5,At Risk
INV000920,9,47.25,At Risk
INV000921,6,76.2,At Risk
INV000922,5,75.0,Healthy
INV000923,1,,Healthy
INV000924,1,,Healthy
INV000925,8,59.57142857142857,At Risk
INV000926,8,57.142857142857146,At Risk
INV000927,7,25.5,Healthy
INV000928,2,9.0,Healthy
INV000929,10,39.666666666666664,At Risk
INV000930,12,23.90909090909091,Healthy
INV000931,8,49.285714285714285,At Risk
INV000932,2,239.0,Healthy
INV000933,9,55.375,At Risk
INV000934,3,60.0,Healthy
INV000935,11,24.7,Healthy
INV000936,1,,Healthy
INV000937,3,165.0,Healthy
INV000938,2,153.0,Healthy
INV000939,11,45.0,At Risk
INV000940,4,94.66666666666667,Healthy
INV000941,6,95.0,At Risk
INV000942,12,39.63636363636363,At Risk
INV000943,4,129.33333333333334,Healthy
INV000944,6,68.4,At Risk
INV000945,1,,Healthy
INV000946,6,60.0,At Risk
INV000947,8,64.28571428571429,At Risk
INV000948,3,52.0,Healthy
INV000949,11,40.5,At Risk
INV000950,11,48.6,At Risk
INV000951,1,,Healthy
INV000952,1,,Healthy
INV000953,4,110.0,Healthy
INV000954,10,56.333333333333336,At Risk
INV000955,5,107.25,Healthy
INV000956,1,,Healthy
INV000957,8,52.57142857142857,At Risk
INV000958,6,90.6,At Risk
INV000959,9,45.125,At Risk
INV000960,9,60.875,At Risk
INV000961,5,113.75,Healthy
INV000962,8,57.57142857142857,At Risk
INV000963,5,92.25,Healthy
INV000964,5,98.0,Healthy
INV000965,1,,Healthy
INV000966,12,39.18181818181818,At Risk
INV000967,2,47.0,Healthy
INV000968,9,48.625,At Risk
INV000969,10,48.333333333333336,At Risk
INV000970,6,45.4,At Risk
INV000971,12,36.0,At Risk
INV000972,11,38.1,At Risk
INV000973,2,55.0,Healthy
INV000974,8,63.0,At Risk
INV000975,2,44.0,Healthy
INV000976,2,100.0,Healthy
INV000977,12,39.90909090909091,At Risk
INV000978,7,46.833333333333336,At Risk
INV000979,8,59.42857142857143,At Risk
INV000980,10,36.77777777777778,At Risk
INV000981,11,30.4,Healthy
INV000982,3,42.0,Healthy
INV000983,4,94.33333333333333,Healthy
INV000984,9,44.5,At Risk
INV000985,6,73.2,At Risk
INV000986,9,45.625,At Risk
INV000987,4,59.0,Healthy
INV000988,8,66.71428571428571,At Risk
INV000989,7,83.0,At Risk
INV000990,5,99.75,Healthy
INV000991,2,169.0,Healthy
INV000992,6,83.2,At Risk
INV000993,1,,Healthy
INV000994,12,40.18181818181818,At Risk
INV000995,9,21.875,Healthy
INV000996,2,30.0,Healthy
INV000997,8,55.142857142857146,At Risk
INV000998,4,52.666666666666664,Healthy
INV000999,8,47.142857142857146,At Risk
INV001000,2,16.0,Healthy
INV001001,12,40.54545454545455,At Risk
INV001002,10,46.44444444444444,At Risk
INV001003,4,71.0,Healthy
INV001004,4,62.0,Healthy
INV001005,11,46.8,At Risk
INV001006,6,93.0,At Risk
INV001007,2,52.0,Healthy
INV001008,9,48.625,At Risk
INV001009,10,42.333333333333336,At Risk
INV001010,1,,Healthy
INV001011,6,99.4,At Risk
INV001012,6,32.4,Healthy
INV001013,10,53.77777777777778,At Risk
INV001014,7,77.66666666666667,At Risk
INV001015,6,36.0,At Risk
INV001016,4,113.33333333333333,Healthy
INV001017,7,68.5,At Risk
INV001018,3,49.5,Healthy
INV001019,11,35.9,At Risk
INV001020,7,53.833333333333336,At Risk
INV001021,10,45.77777777777778,At Risk
INV001022,5,79.25,Healthy
INV001023,12,46.09090909090909,At Risk
INV001024,8,51.285714285714285,At Risk
INV001025,8,32.57142857142857,Healthy
INV001026,11,47.8,At Risk
INV001027,8,70.57142857142857,At Risk
INV001028,5,105.75,Healthy
INV001029,11,46.9,At Risk
INV001030,3,223.0,Healthy
INV001031,11,48.2,At Risk
INV001032,1,,Healthy
INV001033,2,282.0,Healthy
INV001034,7,69.16666666666667,At Risk
INV001035,1,,Healthy
INV001036,10,54.666666666666664,At Risk
INV001037,11,42.6,At Risk
INV001038,5,98.0,Healthy
INV001039,9,47.875,At Risk
INV001040,4,98.33333333333333,Healthy
INV001041,8,71.14285714285714,At Risk
INV001042,7,49.5,At Risk
INV001043,8,71.0,At Risk
INV001044,3,136.0,Healthy
INV001045,8,71.14285714285714,At Risk
INV001046,4,142.33333333333334,Healthy
INV001047,10,55.666666666666664,At Risk
INV001048,12,35.27272727272727,At Risk
INV001049,7,69.66666666666667,At Risk
INV001050,5,101.0,Healthy
INV001051,11,37.9,At Risk
INV001052,5,87.25,Healthy
INV001053,10,51.666666666666664,At Risk
INV001054,2,183.0,Healthy
INV001055,10,51.77777777777778,At Risk
INV001056,4,153.33333333333334,Healthy
INV001057,4,108.66666666666667,Healthy
INV001058,12,44.81818181818182,At Risk
INV001059,4,138.0,Healthy
INV001060,12,38.81818181818182,At Risk
INV001061,11,40.9,At Risk
INV001062,7,52.5,At Risk
INV001063,12,30.727272727272727,Healthy
INV001064,12,43.27272727272727,At Risk
INV001065,5,87.0,Healthy
INV001066,4,153.66666666666666,Healthy
INV001067,10,41.666666666666664,At Risk
INV001068,6,99.2,At Risk
INV001069,11,35.2,At Risk
INV001070,12,44.09090909090909,At Risk
INV001071,4,124.66666666666667,Healthy
INV001072,2,128.0,Healthy
INV001073,3,7.0,Healthy
INV001074,8,44.714285714285715,At Risk
INV001075,7,51.0,At Risk
INV001076,3,149.0,Healthy
INV001077,9,46.75,At Risk
INV001078,1,,Healthy
INV001079,11,46.1,At Risk
INV001080,8,52.142857142857146,At Risk
INV001081,6,79.0,At Risk
INV001082,4,113.66666666666667,Healthy
INV001083,9,43.25,At Risk
INV001084,1,,Healthy
INV001085,2,155.0,Healthy
INV001086,3,106.5,Healthy
INV001087,7,63.5,At Risk
INV001088,7,74.33333333333333,At Risk
INV001089,2,11.0,Healthy
INV001090,1,,Healthy
INV001091,6,71.8,At Risk
INV001092,12,42.18181818181818,At Risk
INV001093,9,57.875,At Risk
INV001094,7,77.5,At Risk
INV001095,2,244.0,Healthy
INV001096,10,51.888888888888886,At Risk
INV001097,2,58.0,Healthy
INV001098,1,,Healthy
INV001099,11,31.9,Healthy
INV001100,1,,Healthy
INV001101,6,85.4,At Risk
INV001102,10,50.666666666666664,At Risk
INV001103,8,47.57142857142857,At Risk
INV001104,3,156.0,Healthy
INV001105,2,407.0,Healthy
INV001106,5,121.0,Healthy
INV001107,4,90.33333333333333,Healthy
INV001108,4,118.33333333333333,Healthy
INV001109,6,90.4,At Risk
INV001110,4,100.0,Healthy
INV001111,6,96.6,At Risk
INV001112,6,40.0,At Risk
INV001113,7,48.5,At Risk
INV001114,2,406.0,Healthy
INV001115,10,45.77777777777778,At Risk
INV001116,12,42.27272727272727,At Risk
INV001117,9,54.0,At Risk
INV001118,10,49.0,At Risk
INV001119,4,109.0,Healthy
INV001120,2,72.0,Healthy
INV001121,4,89.66666666666667,Healthy
INV001122,3,251.0,Healthy
INV001123,9,56.75,At Risk
INV001124,7,79.66666666666667,At Risk
INV001125,1,,Healthy
INV001126,3,79.0,Healthy
INV001127,4,149.33333333333334,Healthy
INV001128,11,44.2,At Risk
INV001129,1,,Healthy
INV001130,11,46.6,At Risk
INV001131,10,53.888888888888886,At Risk
INV001132,1,,Healthy
INV001133,6,41.6,At Risk
INV001134,2,404.0,Healthy
INV001135,1,,Healthy
INV001136,3,44.0,Healthy
INV001137,11,34.3,Healthy
INV001138,9,50.5,At Risk
INV001139,3,213.0,Healthy
INV001140,8,56.57142857142857,At Risk
INV001141,8,69.71428571428571,At Risk
INV001142,9,49.5,At Risk
INV001143,3,85.0,Healthy
INV001144,6,64.4,At Risk
INV001145,3,23.0,Healthy
INV001146,1,,Healthy
INV001147,5,49.5,Healthy
INV001148,3,85.0,Healthy
INV001149,4,125.33333333333333,Healthy
INV001150,4,87.66666666666667,Healthy
INV001151,3,205.5,Healthy
INV001152,6,46.6,At Risk
INV001153,1,,Healthy
INV001154,5,124.25,Healthy
INV001155,8,69.14285714285714,At Risk
INV001156,10,56.888888888888886,At Risk
INV001157,12,33.63636363636363,Healthy
INV001158,5,112.0,Healthy
INV001159,3,197.5,Healthy
INV001160,9,52.75,At Risk
INV001161,8,57.57142857142857,At Risk
INV001162,2,301.0,Healthy
INV001163,12,43.54545454545455,At Risk
INV001164,4,117.33333333333333,Healthy
INV001165,7,57.5,At Risk
INV001166,9,54.0,At Risk
INV001167,6,96.2,At Risk
INV001168,7,76.16666666666667,At Risk
INV001169,4,150.66666666666666,Healthy
INV001170,9,49.125,At Risk
INV001171,4,92.0,Healthy
INV001172,4,139.33333333333334,Healthy
INV001173,7,55.833333333333336,At Risk
INV001174,9,58.75,At Risk
INV001175,7,78.66666666666667,At Risk
INV001176,3,40.5,Healthy
INV001177,1,,Healthy
INV001178,12,43.54545454545455,At Risk
INV001179,3,115.0,Healthy
INV001180,8,61.857142857142854,At Risk
INV001181,9,59.0,At Risk
INV001182,6,71.0,At Risk
INV001183,6,55.8,At Risk
INV001184,1,,Healthy
INV001185,9,50.125,At Risk
INV001186,8,44.57142857142857,At Risk
INV001187,1,,Healthy
INV001188,3,35.0,Healthy
INV001189,8,46.57142857142857,At Risk
INV001190,7,80.83333333333333,At Risk
INV001191,4,79.33333333333333,Healthy
INV001192,6,81.4,At Risk
INV001193,4,54.333333333333336,Healthy
INV001194,4,80.33333333333333,Healthy
INV001195,12,34.27272727272727,Healthy
INV001196,6,92.2,At Risk
INV001197,9,49.875,At Risk
INV001198,11,48.4,At Risk
INV001199,3,210.5,Healthy
INV001200,2,354.0,Healthy
INV001201,1,,Healthy
INV001202,9,50.75,At Risk
INV001203,2,225.0,Healthy
INV001204,7,75.83333333333333,At Risk
INV001205,3,83.5,Healthy
INV001206,12,38.0,At Risk
INV001207,7,50.833333333333336,At Risk
INV001208,10,37.333333333333336,At Risk
INV001209,5,42.25,Healthy
INV001210,12,26.818181818181817,Healthy
INV001211,3,197.5,Healthy
INV001212,8,45.142857142857146,At Risk
INV001213,10,53.888888888888886,At Risk
INV001214,4,112.33333333333333,Healthy
INV001215,6,97.0,At Risk
INV001216,3,181.0,Healthy
INV001217,12,39.09090909090909,At Risk
INV001218,9,49.25,At Risk
INV001219,11,36.9,At Risk
INV001220,9,57.875,At Risk
INV001221,8,64.57142857142857,At Risk
INV001222,6,68.6,At Risk
INV001223,11,42.5,At Risk
INV001224,8,40.57142857142857,At Risk
INV001225,9,53.125,At Risk
INV001226,3,157.0,Healthy
INV001227,11,39.7,At Risk
INV001228,12,43.18181818181818,At Risk
INV001229,3,146.0,Healthy
INV001230,4,44.333333333333336,Healthy
INV001231,1,,Healthy
INV001232,6,87.8,At Risk
INV001233,7,55.5,At Risk
INV001234,12,40.72727272727273,At Risk
INV001235,11,47.2,At Risk
INV001236,7,73.33333333333333,At Risk
INV001237,7,81.66666666666667,At Risk
INV001238,12,37.36363636363637,At Risk
INV001239,1,,Healthy
INV001240,2,176.0,Healthy
INV001241,6,33.0,Healthy
INV001242,10,47.333333333333336,At Risk
INV001243,1,,Healthy
INV001244,6,34.2,Healthy
INV001245,5,80.75,Healthy
INV001246,6,80.0,At Risk
INV001247,7,44.333333333333336,At Risk
INV001248,1,,Healthy
INV001249,6,71.6,At Risk
INV001250,6,82.2,At Risk
INV001251,9,54.25,At Risk
INV001252,1,,Healthy
INV001253,1,,Healthy
INV001254,5,108.0,Healthy
INV001255,6,70.8,At Risk
INV001256,4,136.66666666666666,Healthy
INV001257,10,52.44444444444444,At Risk
INV001258,2,58.0,Healthy
INV001259,12,43.81818181818182,At Risk
INV001260,7,68.33333333333333,At Risk
INV001261,7,55.5,At Risk
INV001262,8,50.857142857142854,At Risk
INV001263,3,146.0,Healthy
INV001264,8,44.857142857142854,At Risk
INV001265,7,57.5,At Risk
INV001266,2,393.0,Healthy
INV001267,2,293.0,Healthy
INV001268,1,,Healthy
INV001269,10,56.44444444444444,At Risk
INV001270,3,14.5,Healthy
INV001271,4,107.33333333333333,Healthy
INV001272,2,148.0,Healthy
INV001273,5,110.0,Healthy
INV001274,12,45.36363636363637,At Risk
INV001275,12,39.0,At Risk
INV001276,4,121.0,Healthy
INV001277,2,420.0,Healthy
INV001278,1,,Healthy
INV001279,5,120.75,Healthy
INV001280,6,83.6,At Risk
INV001281,6,88.8,At Risk
INV001282,8,54.857142857142854,At Risk
INV001283,1,,Healthy
INV001284,11,50.6,At Risk
INV001285,2,2.0,Healthy
INV001286,3,20.0,Healthy
INV001287,9,57.625,At Risk
INV001288,8,39.142857142857146,At Risk
INV001289,3,171.0,Healthy
INV001290,2,294.0,Healthy
INV001291,7,63.5,At Risk
INV001292,2,116.0,Healthy
INV001293,1,,Healthy
INV001294,1,,Healthy
INV001295,10,45.111111111111114,At Risk
INV001296,2,349.0,Healthy
INV001297,2,247.0,Healthy
INV001298,11,43.1,At Risk
INV001299,12,40.36363636363637,At Risk
INV001300,7,75.0,At Risk
INV001301,4,81.33333333333333,Healthy
INV001302,1,,Healthy
INV001303,2,209.0,Healthy
INV001304,12,44.36363636363637,At Risk
INV001305,2,42.0,Healthy
INV001306,2,92.0,Healthy
INV001307,3,152.0,Healthy
INV001308,12,41.63636363636363,At Risk
INV001309,1,,Healthy
INV001310,8,58.0,At Risk
INV001311,4,151.33333333333334,Healthy
INV001312,11,43.7,At Risk
INV001313,4,125.66666666666667,Healthy
INV001314,10,50.44444444444444,At Risk
INV001315,10,48.888888888888886,At Risk
INV001316,10,51.333333333333336,At Risk
INV001317,11,42.4,At Risk
INV001318,11,41.6,At Risk
INV001319,8,33.57142857142857,Healthy
INV001320,11,45.2,At Risk
INV001321,7,75.83333333333333,At Risk
INV001322,7,80.83333333333333,At Risk
INV001323,1,,Healthy
INV001324,2,34.0,Healthy
INV001325,7,82.5,At Risk
INV001326,12,44.18181818181818,At Risk
INV001327,2,501.0,Healthy
INV001328,5,69.75,Healthy
INV001329,10,46.888888888888886,At Risk
INV001330,5,77.0,Healthy
INV001331,10,52.77777777777778,At Risk
INV001332,9,60.0,At Risk
INV001333,12,45.54545454545455,At Risk
INV001334,10,50.333333333333336,At Risk
INV001335,2,209.0,Healthy
INV001336,9,57.625,At Risk
INV001337,5,63.5,Healthy
INV001338,2,165.0,Healthy
INV001339,1,,Healthy
INV001340,3,205.0,Healthy
INV001341,5,98.5,Healthy
INV001342,9,54.25,At Risk
INV001343,6,56.0,At Risk
INV001344,3,151.5,Healthy
INV001345,8,65.0,At Risk
INV001346,7,76.5,At Risk
INV001347,2,265.0,Healthy
INV001348,11,40.9,At Risk
INV001349,3,65.5,Healthy
INV001350,8,71.14285714285714,At Risk
INV001351,12,40.90909090909091,At Risk
INV001352,6,64.8,At Risk
INV001353,7,57.333333333333336,At Risk
INV001354,9,53.125,At Risk
INV001355,11,40.2,At Risk
INV001356,11,39.6,At Risk
INV001357,5,40.0,Healthy
INV001358,1,,Healthy
INV001359,9,54.375,At Risk
INV001360,1,,Healthy
INV001361,9,37.875,At Risk
INV001362,4,19.666666666666668,Healthy
INV001363,7,50.666666666666664,At Risk
INV001364,2,126.0,Healthy
INV001365,4,68.66666666666667,Healthy
INV001366,9,54.375,At Risk
INV001367,7,82.5,At Risk
INV001368,3,34.0,Healthy
INV001369,9,50.625,At Risk
INV001370,7,81.0,At Risk
INV001371,4,76.0,Healthy
INV001372,4,120.33333333333333,Healthy
INV001373,4,88.0,Healthy
INV001374,7,55.833333333333336,At Risk
INV001375,12,44.90909090909091,At Risk
INV001376,7,78.66666666666667,At Risk
INV001377,8,65.14285714285714,At Risk
INV001378,6,79.2,At Risk
INV001379,7,48.333333333333336,At Risk
INV001380,2,105.0,Healthy
INV001381,1,,Healthy
INV001382,4,101.0,Healthy
INV001383,10,44.0,At Risk
INV001384,10,43.55555555555556,At Risk
INV001385,5,118.25,Healthy
INV001386,7,51.833333333333336,At Risk
INV001387,9,57.25,At Risk
INV001388,6,70.6,At Risk
INV001389,6,87.0,At Risk
INV001390,6,82.0,At Risk
INV001391,8,68.71428571428571,At Risk
INV001392,8,52.0,At Risk
INV001393,3,104.0,Healthy
INV001394,9,55.625,At Risk
INV001395,8,56.0,At Risk
INV001396,5,100.25,Healthy
INV001397,11,48.1,At Risk
INV001398,11,45.5,At Risk
INV001399,7,62.333333333333336,At Risk
INV001400,11,38.4,At Risk
INV001401,10,38.111111111111114,At Risk
INV001402,9,61.625,At Risk
INV001403,2,54.0,Healthy
INV001404,4,107.66666666666667,Healthy
INV001405,4,130.33333333333334,Healthy
INV001406,12,39.0,At Risk
INV001407,10,39.55555555555556,At Risk
INV001408,3,37.0,Healthy
INV001409,7,32.333333333333336,Healthy
INV001410,8,61.0,At Risk
INV001411,8,65.14285714285714,At Risk
INV001412,3,70.5,Healthy
INV001413,8,56.0,At Risk
INV001414,2,293.0,Healthy
INV001415,10,53.0,At Risk
INV001416,2,303.0,Healthy
INV001417,5,88.0,Healthy
INV001418,9,57.625,At Risk
INV001419,8,61.285714285714285,At Risk
INV001420,5,95.75,Healthy
INV001421,8,63.142857142857146,At Risk
INV001422,5,98.75,Healthy
INV001423,11,34.0,Healthy
INV001424,6,93.0,At Risk
INV001425,2,445.0,Healthy
INV001426,1,,Healthy
INV001427,1,,Healthy
INV001428,12,44.18181818181818,At Risk
INV001429,2,240.0,Healthy
INV001430,1,,Healthy
INV001431,4,60.0,Healthy
INV001432,7,59.5,At Risk
INV001433,6,99.2,At Risk
INV001434,9,60.375,At Risk
INV001435,2,36.0,Healthy
INV001436,4,95.33333333333333,Healthy
INV001437,4,89.0,Healthy
INV001438,1,,Healthy
INV001439,7,56.333333333333336,At Risk
INV001440,5,56.5,Healthy
INV001441,2,60.0,Healthy
INV001442,12,41.54545454545455,At Risk
INV001443,6,57.2,At Risk
INV001444,3,54.0,Healthy
INV001445,5,51.0,Healthy
INV001446,4,84.0,Healthy
INV001447,4,125.66666666666667,Healthy
INV001448,6,47.8,At Risk
INV001449,7,48.5,At Risk
INV001450,4,105.0,Healthy
INV001451,1,,Healthy
INV001452,4,73.66666666666667,Healthy
INV001453,4,106.66666666666667,Healthy
INV001454,8,62.57142857142857,At Risk
INV001455,12,41.18181818181818,At Risk
INV001456,9,52.375,At Risk
INV001457,12,38.09090909090909,At Risk
INV001458,12,32.63636363636363,Healthy
INV001459,5,116.25,Healthy
INV001460,11,33.4,Healthy
INV001461,2,43.0,Healthy
INV001462,9,55.0,At Risk
INV001463,5,80.25,Healthy
INV001464,1,,Healthy
INV001465,7,52.0,At Risk
INV001466,11,26.7,Healthy
INV001467,10,54.333333333333336,At Risk
INV001468,4,93.66666666666667,Healthy
INV001469,3,97.5,Healthy
INV001470,7,72.33333333333333,At Risk
INV001471,1,,Healthy
INV001472,9,49.375,At Risk
INV001473,7,81.33333333333333,At Risk
INV001474,2,202.0,Healthy
INV001475,4,88.33333333333333,Healthy
INV001476,5,101.0,Healthy
INV001477,3,71.0,Healthy
INV001478,7,79.66666666666667,At Risk
INV001479,3,102.0,Healthy
INV001480,7,47.833333333333336,At Risk
INV001481,7,49.833333333333336,At Risk
INV001482,8,57.57142857142857,At Risk
INV001483,6,84.6,At Risk
INV001484,5,87.25,Healthy
INV001485,10,48.888888888888886,At Risk
INV001486,2,62.0,Healthy
INV001487,3,91.0,Healthy
INV001488,5,79.0,Healthy
INV001489,5,85.5,Healthy
INV001490,1,,Healthy
INV001491,8,70.57142857142857,At Risk
INV001492,5,77.25,Healthy
INV001493,3,150.0,Healthy
INV001494,3,221.5,Healthy
INV001495,2,16.0,Healthy
INV001496,11,40.1,At Risk
INV001497,12,45.81818181818182,At Risk
INV001498,6,68.8,At Risk
INV001499,10,41.77777777777778,At Risk
INV001500,8,63.857142857142854,At Risk
INV001501,7,52.833333333333336,At Risk
INV001502,2,379.0,Healthy
INV001503,6,44.8,At Risk
INV001504,10,48.22222222222222,At Risk
INV001505,3,148.0,Healthy
INV001506,7,78.16666666666667,At Risk
INV001507,12,39.18181818181818,At Risk
INV001508,10,55.888888888888886,At Risk
INV001509,1,,Healthy
INV001510,10,44.55555555555556,At Risk
INV001511,3,28.0,Healthy
INV001512,11,47.7,At Risk
INV001513,6,60.6,At Risk
INV001514,11,38.9,At Risk
INV001515,5,97.25,Healthy
INV001516,9,56.625,At Risk
INV001517,3,82.0,Healthy
INV001518,9,46.25,At Risk
INV001519,3,77.0,Healthy
INV001520,3,171.5,Healthy
INV001521,9,47.25,At Risk
INV001522,3,102.5,Healthy
INV001523,1,,Healthy
INV001524,7,63.5,At Risk
INV001525,7,60.833333333333336,At Risk
INV001526,10,29.333333333333332,Healthy
INV001527,3,123.0,Healthy
INV001528,11,48.0,At Risk
INV001529,3,214.0,Healthy
INV001530,9,48.5,At Risk
INV001531,4,85.33333333333333,Healthy
INV001532,11,47.4,At Risk
INV001533,2,168.0,Healthy
INV001534,8,64.42857142857143,At Risk
INV001535,4,150.66666666666666,Healthy
INV001536,11,41.4,At Risk
INV001537,5,99.0,Healthy
INV001538,7,65.5,At Risk
INV001539,3,237.0,Healthy
INV001540,4,138.33333333333334,Healthy
INV001541,1,,Healthy
INV001542,5,63.0,Healthy
INV001543,6,56.2,At Risk
INV001544,11,42.6,At Risk
INV001545,11,46.4,At Risk
INV001546,2,351.0,Healthy
INV001547,12,43.81818181818182,At Risk
INV001548,8,57.57142857142857,At Risk
INV001549,9,50.125,At Risk
INV001550,11,47.4,At Risk
INV001551,9,55.875,At Risk
INV001552,2,45.0,Healthy
INV001553,12,44.90909090909091,At Risk
INV001554,2,5.0,Healthy
INV001555,6,91.0,At Risk
INV001556,4,77.33333333333333,Healthy
INV001557,7,80.33333333333333,At Risk
INV001558,11,38.7,At Risk
INV001559,1,,Healthy
INV001560,6,98.2,At Risk
INV001561,8,55.857142857142854,At Risk
INV001562,11,39.8,At Risk
INV001563,2,194.0,Healthy
INV001564,12,39.18181818181818,At Risk
INV001565,3,126.0,Healthy
INV001566,4,102.66666666666667,Healthy
INV001567,6,50.2,At Risk
INV001568,1,,Healthy
INV001569,7,69.5,At Risk
INV001570,9,59.875,At Risk
INV001571,3,87.0,Healthy
INV001572,1,,Healthy
INV001573,8,42.142857142857146,At Risk
INV001574,7,42.666666666666664,At Risk
INV001575,9,52.625,At Risk
INV001576,7,75.33333333333333,At Risk
INV001577,1,,Healthy
INV001578,3,76.5,Healthy
INV001579,12,41.63636363636363,At Risk
INV001580,12,40.63636363636363,At Risk
INV001581,5,101.75,Healthy
INV001582,1,,Healthy
INV001583,9,56.125,At Risk
INV001584,5,84.0,Healthy
INV001585,9,35.375,At Risk
INV001586,4,89.33333333333333,Healthy
INV001587,11,40.1,At Risk
INV001588,7,69.5,At Risk
INV001589,1,,Healthy
INV001590,3,126.5,Healthy
INV001591,11,32.0,Healthy
INV001592,6,19.0,Healthy
INV001593,3,159.5,Healthy
INV001594,7,76.83333333333333,At Risk
INV001595,7,69.33333333333333,At Risk
INV001596,6,76.4,At Risk
INV001597,11,43.4,At Risk
INV001598,9,50.5,At Risk
INV001599,12,44.54545454545455,At Risk
INV001600,4,152.0,Healthy
INV001601,3,96.0,Healthy
INV001602,12,42.63636363636363,At Risk
INV001603,11,33.3,Healthy
INV001604,3,62.0,Healthy
INV001605,11,49.9,At Risk
INV001606,8,58.0,At Risk
INV001607,3,231.0,Healthy
INV001608,11,36.0,At Risk
INV001609,10,52.77777777777778,At Risk
INV001610,1,,Healthy
INV001611,11,42.7,At Risk
INV001612,10,50.22222222222222,At Risk
INV001613,2,90.0,Healthy
INV001614,4,54.0,Healthy
INV001615,8,44.0,At Risk
INV001616,12,38.54545454545455,At Risk
INV001617,2,11.0,Healthy
INV001618,8,59.714285714285715,At Risk
INV001619,6,70.0,At Risk
INV001620,7,43.0,At Risk
INV001621,3,167.0,Healthy
INV001622,2,196.0,Healthy
INV001623,11,46.9,At Risk
INV001624,12,34.0,Healthy
INV001625,12,39.63636363636363,At Risk
INV001626,4,81.33333333333333,Healthy
INV001627,6,70.8,At Risk
INV001628,12,32.90909090909091,Healthy
INV001629,12,44.36363636363637,At Risk
INV001630,5,39.75,Healthy
INV001631,11,45.6,At Risk
INV001632,2,87.0,Healthy
INV001633,1,,Healthy
INV001634,3,30.5,Healthy
INV001635,7,73.0,At Risk
INV001636,11,39.1,At Risk
INV001637,6,90.4,At Risk
INV001638,4,65.0,Healthy
INV001639,6,69.4,At Risk
INV001640,12,28.0,Healthy
INV001641,10,54.55555555555556,At Risk
INV001642,5,97.25,Healthy
INV001643,8,49.285714285714285,At Risk
INV001644,11,41.0,At Risk
INV001645,8,54.285714285714285,At Risk
INV001646,4,102.66666666666667,Healthy
INV001647,1,,Healthy
INV001648,9,58.625,At Risk
INV001649,12,42.27272727272727,At Risk
INV001650,6,49.2,At Risk
INV001651,11,47.2,At Risk
INV001652,9,46.75,At Risk
INV001653,8,55.142857142857146,At Risk
INV001654,10,38.22222222222222,At Risk
INV001655,5,79.75,Healthy
INV001656,10,51.333333333333336,At Risk
INV001657,1,,Healthy
INV001658,11,42.2,At Risk
INV001659,2,41.0,Healthy
INV001660,6,78.8,At Risk
INV001661,5,97.75,Healthy
INV001662,12,41.36363636363637,At Risk
INV001663,8,46.57142857142857,At Risk
INV001664,2,349.0,Healthy
INV001665,3,116.5,Healthy
INV001666,6,58.2,At Risk
INV001667,1,,Healthy
INV001668,3,181.0,Healthy
INV001669,4,68.0,Healthy
INV001670,11,36.5,At Risk
INV001671,7,62.0,At Risk
INV001672,12,24.727272727272727,Healthy
INV001673,11,49.3,At Risk
INV001674,6,76.8,At Risk
INV001675,1,,Healthy
INV001676,5,118.0,Healthy
INV001677,5,95.0,Healthy
INV001678,3,61.0,Healthy
INV001679,7,76.5,At Risk
INV001680,12,42.81818181818182,At Risk
INV001681,3,180.5,Healthy
INV001682,1,,Healthy
INV001683,8,62.142857142857146,At Risk
INV001684,3,153.0,Healthy
INV001685,2,44.0,Healthy
INV001686,2,248.0,Healthy
INV001687,5,70.75,Healthy
INV001688,5,90.5,Healthy
INV001689,12,45.54545454545455,At Risk
INV001690,9,60.875,At Risk
INV001691,9,57.75,At Risk
INV001692,11,44.1,At Risk
INV001693,4,104.0,Healthy
INV001694,10,51.44444444444444,At Risk
INV001695,9,21.375,Healthy
INV001696,6,87.8,At Risk
INV001697,12,45.45454545454545,At Risk
INV001698,1,,Healthy
INV001699,8,59.42857142857143,At Risk
INV001700,1,,Healthy
INV001701,12,45.72727272727273,At Risk
INV001702,2,199.0,Healthy
INV001703,1,,Healthy
INV001704,1,,Healthy
INV001705,9,47.625,At Risk
INV001706,10,43.22222222222222,At Risk
INV001707,4,104.66666666666667,Healthy
INV001708,5,85.5,Healthy
INV001709,8,37.0,At Risk
INV001710,3,115.0,Healthy
INV001711,7,65.83333333333333,At Risk
INV001712,8,47.57142857142857,At Risk
INV001713,8,45.857142857142854,At Risk
INV001714,3,133.0,Healthy
INV001715,8,68.28571428571429,At Risk
INV001716,4,75.66666666666667,Healthy
INV001717,5,93.0,Healthy
INV001718,9,52.5,At Risk
INV001719,5,55.0,Healthy
INV001720,8,68.42857142857143,At Risk
INV001721,7,81.66666666666667,At Risk
INV001722,5,109.25,Healthy
INV001723,7,83.66666666666667,At Risk
INV001724,9,52.25,At Risk
INV001725,11,44.6,At Risk
INV001726,4,108.33333333333333,Healthy
INV001727,5,78.5,Healthy
INV001728,11,35.4,At Risk
INV001729,5,76.75,Healthy
INV001730,2,17.0,Healthy
INV001731,2,310.0,Healthy
INV001732,6,92.2,At Risk
INV001733,2,207.0,Healthy
INV001734,5,112.0,Healthy
INV001735,7,79.0,At Risk
INV001736,7,65.0,At Risk
INV001737,9,42.625,At Risk
INV001738,12,40.09090909090909,At Risk
INV001739,10,46.666666666666664,At Risk
INV001740,10,48.77777777777778,At Risk
INV001741,11,45.2,At Risk
INV001742,9,52.375,At Risk
INV001743,7,44.0,At Risk
INV001744,12,42.81818181818182,At Risk
INV001745,4,159.66666666666666,Healthy
INV001746,12,32.09090909090909,Healthy
INV001747,8,68.85714285714286,At Risk
INV001748,8,39.142857142857146,At Risk
INV001749,1,,Healthy
INV001750,3,180.5,Healthy
INV001751,8,39.142857142857146,At Risk
INV001752,12,37.81818181818182,At Risk
INV001753,12,42.81818181818182,At Risk
INV001754,4,139.66666666666666,Healthy
INV001755,2,206.0,Healthy
INV001756,1,,Healthy
INV001757,12,35.36363636363637,At Risk
INV001758,10,36.22222222222222,At Risk
INV001759,12,40.54545454545455,At Risk
INV001760,3,163.0,Healthy
INV001761,1,,Healthy
INV001762,8,47.57142857142857,At Risk
INV001763,7,59.666666666666664,At Risk
INV001764,5,73.75,Healthy
INV001765,8,67.57142857142857,At Risk
INV001766,3,93.5,Healthy
INV001767,1,,Healthy
INV001768,4,14.666666666666666,Healthy
INV001769,8,70.0,At Risk
INV001770,8,71.14285714285714,At Risk
INV001771,8,64.14285714285714,At Risk
INV001772,10,52.77777777777778,At Risk
INV001773,5,53.75,Healthy
INV001774,4,92.0,Healthy
INV001775,8,29.142857142857142,Healthy
INV001776,2,56.0,Healthy
INV001777,11,46.1,At Risk
INV001778,12,40.45454545454545,At Risk
INV001779,2,170.0,Healthy
INV001780,6,54.8,At Risk
INV001781,4,99.33333333333333,Healthy
INV001782,10,52.0,At Risk
INV001783,9,58.875,At Risk
INV001784,11,39.8,At Risk
INV001785,3,202.0,Healthy
INV001786,1,,Healthy
INV001787,6,60.0,At Risk
INV001788,5,56.0,Healthy
INV001789,5,51.25,Healthy
INV001790,10,44.55555555555556,At Risk
INV001791,5,76.75,Healthy
INV001792,6,58.4,At Risk
INV001793,2,409.0,Healthy
INV001794,9,45.625,At Risk
INV001795,5,98.25,Healthy
INV001796,7,73.5,At Risk
INV001797,11,47.8,At Risk
INV001798,6,54.0,At Risk
INV001799,7,73.16666666666667,At Risk
INV001800,11,42.0,At Risk
INV001801,6,68.6,At Risk
INV001802,10,49.0,At Risk
INV001803,9,36.875,At Risk
INV001804,11,42.9,At Risk
INV001805,6,62.2,At Risk
INV001806,11,47.7,At Risk
INV001807,2,164.0,Healthy
INV001808,2,306.0,Healthy
INV001809,7,79.66666666666667,At Risk
INV001810,11,45.3,At Risk
INV001811,12,44.81818181818182,At Risk
INV001812,1,,Healthy
INV001813,8,63.0,At Risk
INV001814,10,44.888888888888886,At Risk
INV001815,7,60.333333333333336,At Risk
INV001816,11,41.5,At Risk
INV001817,2,236.0,Healthy
INV001818,3,193.5,Healthy
INV001819,2,189.0,Healthy
INV001820,11,40.5,At Risk
INV001821,4,111.33333333333333,Healthy
INV001822,8,23.285714285714285,Healthy
INV001823,12,37.0,At Risk
INV001824,6,91.2,At Risk
INV001825,10,46.55555555555556,At Risk
INV001826,9,33.125,Healthy
INV001827,6,95.0,At Risk
INV001828,8,44.42857142857143,At Risk
INV001829,7,67.5,At Risk
INV001830,3,99.0,Healthy
INV001831,9,45.5,At Risk
INV001832,8,60.0,At Risk
INV001833,7,41.833333333333336,At Risk
INV001834,7,62.0,At Risk
INV001835,6,78.0,At Risk
INV001836,11,37.2,At Risk
INV001837,12,42.27272727272727,At Risk
INV001838,2,200.0,Healthy
INV001839,5,105.5,Healthy
INV001840,2,117.0,Healthy
INV001841,9,35.125,At Risk
INV001842,10,47.44444444444444,At Risk
INV001843,9,50.625,At Risk
INV001844,9,51.625,At Risk
INV001845,5,108.75,Healthy
INV001846,5,101.5,Healthy
INV001847,5,54.75,Healthy
INV001848,9,60.125,At Risk
INV001849,6,84.8,At Risk
INV001850,4,125.0,Healthy
INV001851,8,56.142857142857146,At Risk
INV001852,8,71.71428571428571,At Risk
INV001853,12,30.181818181818183,Healthy
INV001854,3,172.0,Healthy
INV001855,2,159.0,Healthy
INV001856,8,53.57142857142857,At Risk
INV001857,11,45.1,At Risk
INV001858,11,47.3,At Risk
INV001859,7,82.5,At Risk
INV001860,4,164.66666666666666,Healthy
INV001861,10,39.77777777777778,At Risk
INV001862,3,191.5,Healthy
INV001863,4,167.33333333333334,Healthy
INV001864,1,,Healthy
INV001865,9,47.625,At Risk
INV001866,8,46.142857142857146,At Risk
INV001867,6,89.6,At Risk
INV001868,6,91.6,At Risk
INV001869,4,122.0,Healthy
INV001870,8,65.14285714285714,At Risk
INV001871,12,42.63636363636363,At Risk
INV001872,3,152.0,Healthy
INV001873,3,68.5,Healthy
INV001874,10,52.333333333333336,At Risk
INV001875,7,73.0,At Risk
INV001876,5,86.0,Healthy
INV001877,7,54.833333333333336,At Risk
INV001878,5,90.0,Healthy
INV001879,9,58.5,At Risk
INV001880,9,49.125,At Risk
INV001881,6,74.6,At Risk
INV001882,5,105.0,Healthy
INV001883,8,70.85714285714286,At Risk
INV001884,1,,Healthy
INV001885,12,45.09090909090909,At Risk
INV001886,10,45.111111111111114,At Risk
INV001887,7,78.0,At Risk
INV001888,8,65.42857142857143,At Risk
INV001889,1,,Healthy
INV001890,7,85.5,At Risk
INV001891,9,60.25,At Risk
INV001892,3,174.5,Healthy
INV001893,6,54.6,At Risk
INV001894,4,42.0,Healthy
INV001895,8,61.57142857142857,At Risk
INV001896,6,47.0,At Risk
INV001897,7,52.833333333333336,At Risk
INV001898,1,,Healthy
INV001899,8,69.28571428571429,At Risk
INV001900,5,75.0,Healthy
INV001901,3,162.5,Healthy
INV001902,4,92.0,Healthy
INV001903,10,38.22222222222222,At Risk
INV001904,2,305.0,Healthy
INV001905,5,109.0,Healthy
INV001906,3,97.0,Healthy
INV001907,1,,Healthy
INV001908,5,69.0,Healthy
INV001909,10,48.333333333333336,At Risk
INV001910,5,101.25,Healthy
INV001911,4,30.0,Healthy
INV001912,11,45.4,At Risk
INV001913,6,64.6,At Risk
INV001914,10,42.22222222222222,At Risk
INV001915,2,228.0,Healthy
INV001916,10,45.888888888888886,At Risk
INV001917,8,40.42857142857143,At Risk
INV001918,2,185.0,Healthy
INV001919,2,132.0,Healthy
INV001920,11,30.0,Healthy
INV001921,12,43.63636363636363,At Risk
INV001922,7,68.66666666666667,At Risk
INV001923,12,44.0,At Risk
INV001924,9,60.875,At Risk
INV001925,1,,Healthy
INV001926,11,46.4,At Risk
INV001927,9,42.25,At Risk
INV001928,6,83.8,At Risk
INV001929,10,45.111111111111114,At Risk
INV001930,6,97.0,At Risk
INV001931,1,,Healthy
INV001932,2,249.0,Healthy
INV001933,8,61.714285714285715,At Risk
INV001934,3,162.0,Healthy
INV001935,1,,Healthy
INV001936,3,16.5,Healthy
INV001937,11,48.3,At Risk
INV001938,12,32.90909090909091,Healthy
INV001939,2,63.0,Healthy
INV001940,8,56.142857142857146,At Risk
INV001941,2,268.0,Healthy
INV001942,3,140.0,Healthy
INV001943,7,62.0,At Risk
INV001944,10,45.22222222222222,At Risk
INV001945,8,46.57142857142857,At Risk
INV001946,6,56.6,At Risk
INV001947,1,,Healthy
INV001948,4,147.66666666666666,Healthy
INV001949,4,58.666666666666664,Healthy
INV001950,12,44.09090909090909,At Risk
INV001951,10,47.111111111111114,At Risk
INV001952,3,144.5,Healthy
INV001953,2,409.0,Healthy
INV001954,9,54.25,At Risk
INV001955,8,54.285714285714285,At Risk
INV001956,7,79.33333333333333,At Risk
INV001957,2,41.0,Healthy
INV001958,3,186.5,Healthy
INV001959,9,53.75,At Risk
INV001960,3,146.5,Healthy
INV001961,8,65.85714285714286,At Risk
INV001962,6,70.6,At Risk
INV001963,4,133.66666666666666,Healthy
INV001964,1,,Healthy
INV001965,2,152.0,Healthy
INV001966,4,127.33333333333333,Healthy
INV001967,8,25.857142857142858,Healthy
INV001968,5,60.5,Healthy
INV001969,11,45.1,At Risk
INV001970,7,67.66666666666667,At Risk
INV001971,11,38.3,At Risk
INV001972,12,35.0,Healthy
INV001973,1,,Healthy
INV001974,11,35.7,At Risk
INV001975,6,78.2,At Risk
INV001976,3,106.0,Healthy
INV001977,9,56.75,At Risk
INV001978,7,76.16666666666667,At Risk
INV001979,11,42.0,At Risk
INV001980,3,213.5,Healthy
INV001981,5,122.75,Healthy
INV001982,8,61.285714285714285,At Risk
INV001983,8,68.71428571428571,At Risk
INV001984,1,,Healthy
INV001985,7,70.83333333333333,At Risk
INV001986,9,38.25,At Risk
INV001987,11,40.2,At Risk
INV001988,3,55.0,Healthy
INV001989,3,89.5,Healthy
INV001990,12,40.63636363636363,At Risk
INV001991,3,27.5,Healthy
INV001992,5,101.5,Healthy
INV001993,11,44.7,At Risk
INV001994,2,120.0,Healthy
INV001995,9,43.75,At Risk
INV001996,2,157.0,Healthy
INV001997,9,59.25,At Risk
INV001998,12,42.90909090909091,At Risk
INV001999,12,29.90909090909091,Healthy
INV002000,7,53.333333333333336,At Risk
INV002001,9,53.0,At Risk
INV002002,5,85.25,Healthy
INV002003,7,41.333333333333336,At Risk
INV002004,2,42.0,Healthy
INV002005,7,54.5,At Risk
INV002006,8,52.57142857142857,At Risk
INV002007,4,82.66666666666667,Healthy
INV002008,10,39.22222222222222,At Risk
INV002009,1,,Healthy
INV002010,8,69.28571428571429,At Risk
INV002011,9,59.75,At Risk
INV002012,7,69.16666666666667,At Risk
INV002013,8,57.57142857142857,At Risk
INV002014,3,92.5,Healthy
INV002015,4,134.0,Healthy
INV002016,4,106.0,Healthy
INV002017,9,49.25,At Risk
INV002018,11,44.1,At Risk
INV002019,8,65.0,At Risk
INV002020,3,130.5,Healthy
INV002021,7,46.166666666666664,At Risk
INV002022,7,52.0,At Risk
INV002023,5,75.5,Healthy
INV002024,3,25.0,Healthy
INV002025,7,55.833333333333336,At Risk
INV002026,6,85.4,At Risk
INV002027,4,133.0,Healthy
INV002028,2,222.0,Healthy
INV002029,2,75.0,Healthy
INV002030,8,71.71428571428571,At Risk
INV002031,1,,Healthy
INV002032,3,208.0,Healthy
INV002033,11,38.9,At Risk
INV002034,12,46.0,At Risk
INV002035,11,39.0,At Risk
INV002036,12,28.0,Healthy
INV002037,10,37.666666666666664,At Risk
INV002038,9,52.5,At Risk
INV002039,11,46.1,At Risk
INV002040,10,50.77777777777778,At Risk
INV002041,6,52.8,At Risk
INV002042,10,46.666666666666664,At Risk
INV002043,5,86.75,Healthy
INV002044,8,53.714285714285715,At Risk
INV002045,9,60.0,At Risk
INV002046,2,363.0,Healthy
INV002047,4,134.66666666666666,Healthy
INV002048,1,,Healthy
INV002049,7,66.16666666666667,At Risk
INV002050,5,91.75,Healthy
INV002051,10,43.666666666666664,At Risk
INV002052,9,33.125,Healthy
INV002053,2,21.0,Healthy
INV002054,5,78.5,Healthy
INV002055,8,69.0,At Risk
INV002056,7,80.66666666666667,At Risk
INV002057,2,62.0,Healthy
INV002058,3,101.5,Healthy
INV002059,3,214.0,Healthy
INV002060,7,63.833333333333336,At Risk
INV002061,7,80.5,At Risk
INV002062,3,58.0,Healthy
INV002063,3,36.5,Healthy
INV002064,4,68.33333333333333,Healthy
INV002065,4,163.33333333333334,Healthy
INV002066,6,81.8,At Risk
INV002067,9,53.375,At Risk
INV002068,2,221.0,Healthy
INV002069,11,42.8,At Risk
INV002070,11,48.8,At Risk
INV002071,4,142.33333333333334,Healthy
INV002072,3,133.5,Healthy
INV002073,5,80.25,Healthy
INV002074,6,55.4,At Risk
INV002075,6,66.2,At Risk
INV002076,1,,Healthy
INV002077,6,76.2,At Risk
INV002078,2,54.0,Healthy
INV002079,4,61.333333333333336,Healthy
INV002080,9,60.0,At Risk
INV002081,5,55.0,Healthy
INV002082,5,56.75,Healthy
INV002083,11,46.5,At Risk
INV002084,1,,Healthy
INV002085,7,54.166666666666664,At Risk
INV002086,1,,Healthy
INV002087,6,70.6,At Risk
INV002088,8,68.28571428571429,At Risk
INV002089,4,114.66666666666667,Healthy
INV002090,10,53.55555555555556,At Risk
INV002091,1,,Healthy
INV002092,10,38.111111111111114,At Risk
INV002093,8,36.57142857142857,At Risk
INV002094,4,118.66666666666667,Healthy
INV002095,11,43.5,At Risk
INV002096,6,63.8,At Risk
INV002097,3,37.0,Healthy
INV002098,9,51.625,At Risk
INV002099,8,71.28571428571429,At Risk
INV002100,3,83.0,Healthy
INV002101,12,38.0,At Risk
INV002102,9,46.875,At Risk
INV002103,4,19.333333333333332,Healthy
INV002104,10,44.77777777777778,At Risk
INV002105,1,,Healthy
INV002106,5,89.0,Healthy
INV002107,10,55.333333333333336,At Risk
INV002108,3,164.5,Healthy
INV002109,8,25.857142857142858,Healthy
INV002110,7,46.333333333333336,At Risk
INV002111,12,42.27272727272727,At Risk
INV002112,9,49.125,At Risk
INV002113,6,80.8,At Risk
INV002114,8,48.714285714285715,At Risk
INV002115,8,65.71428571428571,At Risk
INV002116,10,30.11111111111111,Healthy
INV002117,8,63.857142857142854,At Risk
INV002118,2,57.0,Healthy
INV002119,10,47.44444444444444,At Risk
INV002120,3,109.5,Healthy
INV002121,9,51.375,At Risk
INV002122,8,45.142857142857146,At Risk
INV002123,7,67.0,At Risk
INV002124,10,52.111111111111114,At Risk
INV002125,6,36.0,At Risk
INV002126,7,71.0,At Risk
INV002127,8,47.0,At Risk
INV002128,6,87.6,At Risk
INV002129,4,91.0,Healthy
INV002130,6,62.6,At Risk
INV002131,8,65.85714285714286,At Risk
INV002132,3,17.5,Healthy
INV002133,6,89.8,At Risk
INV002134,12,45.09090909090909,At Risk
INV002135,10,55.77777777777778,At Risk
INV002136,4,91.66666666666667,Healthy
INV002137,10,31.666666666666668,Healthy
INV002138,8,65.57142857142857,At Risk
INV002139,8,66.71428571428571,At Risk
INV002140,3,174.5,Healthy
INV002141,7,44.833333333333336,At Risk
INV002142,10,52.44444444444444,At Risk
INV002143,12,40.45454545454545,At Risk
INV002144,5,91.25,Healthy
INV002145,3,84.5,Healthy
INV002146,3,108.5,Healthy
INV002147,2,347.0,Healthy
INV002148,4,129.33333333333334,Healthy
INV002149,11,31.9,Healthy
INV002150,6,73.6,At Risk
INV002151,10,53.666666666666664,At Risk
INV002152,8,67.42857142857143,At Risk
INV002153,10,45.22222222222222,At Risk
INV002154,12,44.90909090909091,At Risk
INV002155,8,59.714285714285715,At Risk
INV002156,3,98.0,Healthy
INV002157,12,40.90909090909091,At Risk
INV002158,9,61.375,At Risk
INV002159,8,46.42857142857143,At Risk
INV002160,3,36.0,Healthy
INV002161,8,64.14285714285714,At Risk
INV002162,10,51.888888888888886,At Risk
INV002163,2,306.0,Healthy
INV002164,7,58.166666666666664,At Risk
INV002165,7,82.16666666666667,At Risk
INV002166,7,82.66666666666667,At Risk
INV002167,9,39.125,At Risk
INV002168,4,167.66666666666666,Healthy
INV002169,4,112.66666666666667,Healthy
INV002170,7,65.83333333333333,At Risk
INV002171,7,55.833333333333336,At Risk
INV002172,3,141.0,Healthy
INV002173,2,148.0,Healthy
INV002174,6,86.0,At Risk
INV002175,2,92.0,Healthy
INV002176,7,81.33333333333333,At Risk
INV002177,11,43.8,At Risk
INV002178,11,46.5,At Risk
INV002179,11,42.3,At Risk
INV002180,3,154.0,Healthy
INV002181,6,72.2,At Risk
INV002182,12,40.09090909090909,At Risk
INV002183,4,97.66666666666667,Healthy
INV002184,11,47.5,At Risk
INV002185,10,28.77777777777778,Healthy
INV002186,10,49.888888888888886,At Risk
INV002187,12,44.18181818181818,At Risk
INV002188,9,28.5,Healthy
INV002189,12,43.63636363636363,At Risk
INV002190,5,76.25,Healthy
INV002191,5,121.0,Healthy
INV002192,10,40.666666666666664,At Risk
INV002193,3,71.5,Healthy
INV002194,1,,Healthy
INV002195,10,48.77777777777778,At Risk
INV002196,10,56.666666666666664,At Risk
INV002197,5,105.25,Healthy
INV002198,12,33.63636363636363,Healthy
INV002199,9,38.125,At Risk
INV002200,6,83.6,At Risk
INV002201,10,44.44444444444444,At Risk
INV002202,10,54.77777777777778,At Risk
INV002203,2,128.0,Healthy
INV002204,4,144.66666666666666,Healthy
INV002205,6,87.4,At Risk
INV002206,11,43.8,At Risk
INV002207,7,73.0,At Risk
INV002208,11,42.8,At Risk
INV002209,2,271.0,Healthy
INV002210,1,,Healthy
INV002211,10,42.55555555555556,At Risk
INV002212,8,58.42857142857143,At Risk
INV002213,9,36.625,At Risk
INV002214,12,42.09090909090909,At Risk
INV002215,10,53.888888888888886,At Risk
INV002216,10,48.0,At Risk
INV002217,5,82.25,Healthy
INV002218,8,52.57142857142857,At Risk
INV002219,11,49.9,At Risk
INV002220,11,31.3,Healthy
INV002221,2,214.0,Healthy
INV002222,3,137.5,Healthy
INV002223,6,82.6,At Risk
INV002224,5,106.5,Healthy
INV002225,5,69.75,Healthy
INV002226,4,33.666666666666664,Healthy
INV002227,5,41.75,Healthy
INV002228,9,42.875,At Risk
INV002229,10,44.666666666666664,At Risk
INV002230,11,43.4,At Risk
INV002231,1,,Healthy
INV002232,12,38.54545454545455,At Risk
INV002233,1,,Healthy
INV002234,8,47.42857142857143,At Risk
INV002235,7,69.83333333333333,At Risk
INV002236,9,55.25,At Risk
INV002237,10,41.77777777777778,At Risk
INV002238,7,78.66666666666667,At Risk
INV002239,7,75.5,At Risk
INV002240,12,42.45454545454545,At Risk
INV002241,11,47.8,At Risk
INV002242,5,95.75,Healthy
INV002243,5,126.0,Healthy
INV002244,10,50.55555555555556,At Risk
INV002245,12,37.27272727272727,At Risk
INV002246,3,79.0,Healthy
INV002247,2,33.0,Healthy
INV002248,7,47.166666666666664,At Risk
INV002249,10,31.444444444444443,Healthy
INV002250,12,44.36363636363637,At Risk
INV002251,7,52.166666666666664,At Risk
INV002252,11,35.9,At Risk
INV002253,5,49.25,Healthy
INV002254,1,,Healthy
INV002255,5,79.25,Healthy
INV002256,6,75.6,At Risk
INV002257,3,166.0,Healthy
INV002258,8,54.0,At Risk
INV002259,11,39.6,At Risk
INV002260,11,44.1,At Risk
INV002261,8,46.857142857142854,At Risk
INV002262,8,29.0,Healthy
INV002263,1,,Healthy
INV002264,8,53.857142857142854,At Risk
INV002265,10,46.0,At Risk
INV002266,4,113.0,Healthy
INV002267,10,51.77777777777778,At Risk
INV002268,2,15.0,Healthy
INV002269,5,103.75,Healthy
INV002270,11,44.6,At Risk
INV002271,6,47.0,At Risk
INV002272,3,104.5,Healthy
INV002273,2,137.0,Healthy
INV002274,10,46.55555555555556,At Risk
INV002275,10,43.666666666666664,At Risk
INV002276,10,46.55555555555556,At Risk
INV002277,12,38.45454545454545,At Risk
INV002278,3,237.0,Healthy
INV002279,4,65.0,Healthy
INV002280,10,51.111111111111114,At Risk
INV002281,6,96.6,At Risk
INV002282,12,30.272727272727273,Healthy
INV002283,5,78.0,Healthy
INV002284,12,40.72727272727273,At Risk
INV002285,3,9.0,Healthy
INV002286,8,55.285714285714285,At Risk
INV002287,6,50.2,At Risk
INV002288,2,97.0,Healthy
INV002289,2,10.0,Healthy
INV002290,10,37.44444444444444,At Risk
INV002291,4,83.66666666666667,Healthy
INV002292,11,39.9,At Risk
INV002293,2,65.0,Healthy
INV002294,10,42.888888888888886,At Risk
INV002295,12,42.72727272727273,At Risk
INV002296,2,242.0,Healthy
INV002297,3,130.0,Healthy
INV002298,9,44.375,At Risk
INV002299,7,53.5,At Risk
INV002300,5,86.0,Healthy
INV002301,2,335.0,Healthy
INV002302,9,39.25,At Risk
INV002303,1,,Healthy
INV002304,12,34.81818181818182,Healthy
INV002305,2,12.0,Healthy
INV002306,8,69.57142857142857,At Risk
INV002307,6,68.4,At Risk
INV002308,11,40.2,At Risk
INV002309,2,0.0,Healthy
INV002310,6,58.2,At Risk
INV002311,11,46.8,At Risk
INV002312,5,96.25,Healthy
INV002313,1,,Healthy
INV002314,4,116.66666666666667,Healthy
INV002315,12,39.18181818181818,At Risk
INV002316,5,127.5,Healthy
INV002317,3,22.0,Healthy
INV002318,5,103.25,Healthy
INV002319,11,36.0,At Risk
INV002320,3,78.0,Healthy
INV002321,1,,Healthy
INV002322,9,39.625,At Risk
INV002323,7,56.5,At Risk
INV002324,8,40.142857142857146,At Risk
INV002325,5,84.25,Healthy
INV002326,10,45.888888888888886,At Risk
INV002327,11,45.5,At Risk
INV002328,7,68.5,At Risk
INV002329,12,35.90909090909091,At Risk
INV002330,5,23.0,Healthy
INV002331,4,115.66666666666667,Healthy
INV002332,8,60.142857142857146,At Risk
INV002333,6,72.4,At Risk
INV002334,4,114.0,Healthy
INV002335,4,95.33333333333333,Healthy
INV002336,1,,Healthy
INV002337,2,46.0,Healthy
INV002338,7,82.83333333333333,At Risk
INV002339,6,61.2,At Risk
INV002340,3,12.0,Healthy
INV002341,6,47.4,At Risk
INV002342,9,49.5,At Risk
INV002343,12,42.0,At Risk
INV002344,8,62.57142857142857,At Risk
INV002345,8,49.142857142857146,At Risk
INV002346,6,86.6,At Risk
INV002347,9,40.5,At Risk
INV002348,12,44.27272727272727,At Risk
INV002349,10,42.888888888888886,At Risk
INV002350,10,53.666666666666664,At Risk
INV002351,12,43.09090909090909,At Risk
INV002352,5,61.5,Healthy
INV002353,9,51.75,At Risk
INV002354,1,,Healthy
INV002355,2,267.0,Healthy
INV002356,2,21.0,Healthy
INV002357,12,39.09090909090909,At Risk
INV002358,5,66.5,Healthy
INV002359,1,,Healthy
INV002360,12,40.81818181818182,At Risk
INV002361,10,49.888888888888886,At Risk
INV002362,1,,Healthy
INV002363,9,59.125,At Risk
INV002364,8,54.0,At Risk
INV002365,10,51.333333333333336,At Risk
INV002366,4,142.66666666666666,Healthy
INV002367,8,51.285714285714285,At Risk
INV002368,12,33.36363636363637,Healthy
INV002369,10,52.55555555555556,At Risk
INV002370,8,60.142857142857146,At Risk
INV002371,2,86.0,Healthy
INV002372,9,59.5,At Risk
INV002373,12,44.63636363636363,At Risk
INV002374,11,39.9,At Risk
INV002375,4,41.333333333333336,Healthy
INV002376,2,14.0,Healthy
INV002377,4,107.66666666666667,Healthy
INV002378,6,67.2,At Risk
INV002379,5,106.25,Healthy
INV002380,4,102.33333333333333,Healthy
INV002381,6,77.2,At Risk
INV002382,8,38.57142857142857,At Risk
INV002383,4,74.0,Healthy
INV002384,12,36.36363636363637,At Risk
INV002385,3,23.0,Healthy
INV002386,1,,Healthy
INV002387,10,57.0,At Risk
INV002388,9,43.875,At Risk
INV002389,12,41.54545454545455,At Risk
INV002390,7,71.33333333333333,At Risk
INV002391,10,23.666666666666668,Healthy
INV002392,6,82.0,At Risk
INV002393,9,49.75,At Risk
INV002394,7,53.833333333333336,At Risk
INV002395,6,97.0,At Risk
INV002396,4,129.0,Healthy
INV002397,7,51.666666666666664,At Risk
INV002398,1,,Healthy
INV002399,12,40.36363636363637,At Risk
INV002400,12,44.45454545454545,At Risk
INV002401,11,41.4,At Risk
INV002402,10,47.44444444444444,At Risk
INV002403,5,93.0,Healthy
INV002404,2,91.0,Healthy
INV002405,4,74.33333333333333,Healthy
INV002406,2,58.0,Healthy
INV002407,10,46.333333333333336,At Risk
INV002408,2,107.0,Healthy
INV002409,12,35.36363636363637,At Risk
INV002410,1,,Healthy
INV002411,5,101.5,Healthy
INV002412,7,75.5,At Risk
INV002413,11,41.1,At Risk
INV002414,7,84.5,At Risk
INV002415,11,40.2,At Risk
INV002416,9,62.25,At Risk
INV002417,10,55.55555555555556,At Risk
INV002418,8,65.42857142857143,At Risk
INV002419,4,117.66666666666667,Healthy
INV002420,12,43.0,At Risk
INV002421,2,51.0,Healthy
INV002422,12,41.18181818181818,At Risk
INV002423,5,86.75,Healthy
INV002424,6,53.0,At Risk
INV002425,4,60.0,Healthy
INV002426,6,68.2,At Risk
INV002427,9,32.5,Healthy
INV002428,4,133.33333333333334,Healthy
INV002429,8,56.142857142857146,At Risk
INV002430,11,46.0,At Risk
INV002431,8,66.0,At Risk
INV002432,2,289.0,Healthy
INV002433,1,,Healthy
INV002434,7,73.5,At Risk
INV002435,5,86.5,Healthy
INV002436,4,152.0,Healthy
INV002437,10,32.77777777777778,Healthy
INV002438,3,133.5,Healthy
INV002439,2,30.0,Healthy
INV002440,6,74.6,At Risk
INV002441,4,113.0,Healthy
INV002442,2,89.0,Healthy
INV002443,1,,Healthy
INV002444,8,34.142857142857146,Healthy
INV002445,11,34.9,Healthy
INV002446,6,83.8,At Risk
INV002447,2,327.0,Healthy
INV002448,3,74.5,Healthy
INV002449,2,148.0,Healthy
INV002450,5,71.25,Healthy
INV002451,2,272.0,Healthy
INV002452,7,47.166666666666664,At Risk
INV002453,11,37.8,At Risk
INV002454,7,46.333333333333336,At Risk
INV002455,1,,Healthy
INV002456,2,448.0,Healthy
INV002457,3,152.5,Healthy
INV002458,11,36.2,At Risk
INV002459,12,42.18181818181818,At Risk
INV002460,5,106.75,Healthy
INV002461,6,87.8,At Risk
INV002462,1,,Healthy
INV002463,7,79.5,At Risk
INV002464,7,33.0,Healthy
INV002465,5,105.25,Healthy
INV002466,12,44.0,At Risk
INV002467,10,42.55555555555556,At Risk
INV002468,7,55.166666666666664,At Risk
INV002469,10,41.888888888888886,At Risk
INV002470,1,,Healthy
INV002471,11,34.9,Healthy
INV002472,10,47.111111111111114,At Risk
INV002473,8,62.0,At Risk
INV002474,1,,Healthy
INV002475,11,44.7,At Risk
INV002476,9,53.75,At Risk
INV002477,3,39.0,Healthy
INV002478,3,41.0,Healthy
INV002479,2,260.0,Healthy
INV002480,1,,Healthy
INV002481,2,208.0,Healthy
INV002482,1,,Healthy
INV002483,8,61.285714285714285,At Risk
INV002484,2,112.0,Healthy
INV002485,12,33.72727272727273,Healthy
INV002486,9,47.5,At Risk
INV002487,3,67.5,Healthy
INV002488,7,58.333333333333336,At Risk
INV002489,2,144.0,Healthy
INV002490,10,54.44444444444444,At Risk
INV002491,4,87.0,Healthy
INV002492,1,,Healthy
INV002493,4,146.66666666666666,Healthy
INV002494,3,195.0,Healthy
INV002495,10,51.333333333333336,At Risk
INV002496,7,44.166666666666664,At Risk
INV002497,12,42.81818181818182,At Risk
INV002498,2,271.0,Healthy
INV002499,8,56.42857142857143,At Risk
INV002500,12,43.18181818181818,At Risk
INV002501,1,,Healthy
INV002502,7,77.0,At Risk
INV002503,9,47.5,At Risk
INV002504,10,53.0,At Risk
INV002505,4,149.66666666666666,Healthy
INV002506,8,55.0,At Risk
INV002507,6,83.2,At Risk
INV002508,9,51.625,At Risk
INV002509,12,29.0,Healthy
INV002510,12,45.45454545454545,At Risk
INV002511,2,302.0,Healthy
INV002512,5,100.0,Healthy
INV002513,5,78.0,Healthy
INV002514,3,179.0,Healthy
INV002515,5,83.75,Healthy
INV002516,4,39.0,Healthy
INV002517,1,,Healthy
INV002518,5,103.0,Healthy
INV002519,1,,Healthy
INV002520,12,43.09090909090909,At Risk
INV002521,8,56.42857142857143,At Risk
INV002522,1,,Healthy
INV002523,12,45.63636363636363,At Risk
INV002524,3,145.0,Healthy
INV002525,3,116.5,Healthy
INV002526,11,42.1,At Risk
INV002527,11,29.8,Healthy
INV002528,6,74.4,At Risk
INV002529,6,81.6,At Risk
INV002530,9,62.5,At Risk
INV002531,10,50.888888888888886,At Risk
INV002532,4,134.0,Healthy
INV002533,7,60.666666666666664,At Risk
INV002534,4,118.0,Healthy
INV002535,11,36.1,At Risk
INV002536,6,71.8,At Risk
INV002537,1,,Healthy
INV002538,2,250.0,Healthy
INV002539,2,65.0,Healthy
INV002540,6,67.6,At Risk
INV002541,5,56.0,Healthy
INV002542,9,57.75,At Risk
INV002543,12,40.72727272727273,At Risk
INV002544,1,,Healthy
INV002545,5,99.5,Healthy
INV002546,10,55.888888888888886,At Risk
INV002547,10,49.44444444444444,At Risk
INV002548,7,79.83333333333333,At Risk
INV002549,9,60.125,At Risk
INV002550,3,99.5,Healthy
INV002551,8,59.42857142857143,At Risk
INV002552,12,39.45454545454545,At Risk
INV002553,12,34.0,Healthy
INV002554,8,68.57142857142857,At Risk
INV002555,10,53.77777777777778,At Risk
INV002556,6,72.6,At Risk
INV002557,9,50.375,At Risk
INV002558,11,48.8,At Risk
INV002559,3,72.0,Healthy
INV002560,7,79.33333333333333,At Risk
INV002561,5,55.25,Healthy
INV002562,1,,Healthy
INV002563,10,52.666666666666664,At Risk
INV002564,3,74.5,Healthy
INV002565,10,55.333333333333336,At Risk
INV002566,8,61.285714285714285,At Risk
INV002567,11,46.9,At Risk
INV002568,9,53.875,At Risk
INV002569,2,19.0,Healthy
INV002570,12,37.09090909090909,At Risk
INV002571,8,63.857142857142854,At Risk
INV002572,11,44.7,At Risk
INV002573,1,,Healthy
INV002574,12,43.72727272727273,At Risk
INV002575,11,44.9,At Risk
INV002576,8,40.42857142857143,At Risk
INV002577,3,61.5,Healthy
INV002578,5,110.75,Healthy
INV002579,7,34.0,Healthy
INV002580,4,56.0,Healthy
INV002581,1,,Healthy
INV002582,10,43.0,At Risk
INV002583,7,65.33333333333333,At Risk
INV002584,3,118.5,Healthy
INV002585,12,42.72727272727273,At Risk
INV002586,7,72.66666666666667,At Risk
INV002587,6,75.0,At Risk
INV002588,9,53.375,At Risk
INV002589,1,,Healthy
INV002590,12,42.54545454545455,At Risk
INV002591,8,48.142857142857146,At Risk
INV002592,6,94.8,At Risk
INV002593,4,130.33333333333334,Healthy
INV002594,10,55.44444444444444,At Risk
INV002595,5,78.75,Healthy
INV002596,3,205.0,Healthy
INV002597,6,84.0,At Risk
INV002598,11,41.1,At Risk
INV002599,7,73.66666666666667,At Risk
INV002600,5,85.5,Healthy
INV002601,3,134.0,Healthy
INV002602,12,42.0,At Risk
INV002603,6,68.2,At Risk
INV002604,6,79.2,At Risk
INV002605,5,101.25,Healthy
INV002606,9,56.0,At Risk
INV002607,6,61.8,At Risk
INV002608,4,126.33333333333333,Healthy
INV002609,2,122.0,Healthy
INV002610,5,93.0,Healthy
INV002611,6,97.2,At Risk
INV002612,2,162.0,Healthy
INV002613,12,44.54545454545455,At Risk
INV002614,4,38.333333333333336,Healthy
INV002615,1,,Healthy
INV002616,4,136.66666666666666,Healthy
INV002617,4,116.0,Healthy
INV002618,1,,Healthy
INV002619,6,71.6,At Risk
INV002620,2,345.0,Healthy
INV002621,6,73.0,At Risk
INV002622,11,48.6,At Risk
INV002623,1,,Healthy
INV002624,5,68.75,Healthy
INV002625,6,78.4,At Risk
INV002626,6,78.6,At Risk
INV002627,8,60.714285714285715,At Risk
INV002628,9,53.25,At Risk
INV002629,4,142.0,Healthy
INV002630,8,53.0,At Risk
INV002631,8,58.285714285714285,At Risk
INV002632,11,45.9,At Risk
INV002633,12,40.81818181818182,At Risk
INV002634,7,23.333333333333332,Healthy
INV002635,10,48.888888888888886,At Risk
INV002636,2,118.0,Healthy
INV002637,6,76.6,At Risk
INV002638,4,127.33333333333333,Healthy
INV002639,7,30.666666666666668,Healthy
INV002640,12,38.18181818181818,At Risk
INV002641,8,59.57142857142857,At Risk
INV002642,10,48.111111111111114,At Risk
INV002643,9,55.25,At Risk
INV002644,1,,Healthy
INV002645,11,40.1,At Risk
INV002646,1,,Healthy
INV002647,7,76.0,At Risk
INV002648,7,77.33333333333333,At Risk
INV002649,4,86.33333333333333,Healthy
INV002650,5,98.75,Healthy
INV002651,5,97.25,Healthy
INV002652,9,48.75,At Risk
INV002653,1,,Healthy
INV002654,11,43.3,At Risk
INV002655,4,86.33333333333333,Healthy
INV002656,10,51.333333333333336,At Risk
INV002657,5,114.25,Healthy
INV002658,6,100.8,At Risk
INV002659,10,49.666666666666664,At Risk
INV002660,5,81.75,Healthy
INV002661,2,60.0,Healthy
INV002662,3,142.0,Healthy
INV002663,1,,Healthy
INV002664,6,57.2,At Risk
INV002665,1,,Healthy
INV002666,11,43.7,At Risk
INV002667,1,,Healthy
INV002668,12,43.45454545454545,At Risk
INV002669,3,140.5,Healthy
INV002670,3,201.5,Healthy
INV002671,12,43.63636363636363,At Risk
INV002672,1,,Healthy
INV002673,10,50.55555555555556,At Risk
INV002674,12,37.45454545454545,At Risk
INV002675,12,40.63636363636363,At Risk
INV002676,4,80.0,Healthy
INV002677,2,185.0,Healthy
INV002678,1,,Healthy
INV002679,8,65.71428571428571,At Risk
INV002680,5,101.75,Healthy
INV002681,7,83.66666666666667,At Risk
INV002682,10,40.44444444444444,At Risk
INV002683,5,10.75,Healthy
INV002684,11,43.3,At Risk
INV002685,6,96.4,At Risk
INV002686,5,110.5,Healthy
INV002687,8,45.714285714285715,At Risk
INV002688,10,32.888888888888886,Healthy
INV002689,11,35.0,Healthy
INV002690,4,129.33333333333334,Healthy
INV002691,2,384.0,Healthy
INV002692,9,56.875,At Risk
INV002693,12,32.45454545454545,Healthy
INV002694,4,124.33333333333333,Healthy
INV002695,1,,Healthy
INV002696,11,43.7,At Risk
INV002697,9,51.875,At Risk
INV002698,11,31.5,Healthy
INV002699,4,135.33333333333334,Healthy
INV002700,9,59.875,At Risk
INV002701,4,80.66666666666667,Healthy
INV002702,10,49.0,At Risk
INV002703,4,67.33333333333333,Healthy
INV002704,12,37.63636363636363,At Risk
INV002705,12,22.363636363636363,Healthy
INV002706,11,47.3,At Risk
INV002707,11,38.9,At Risk
INV002708,12,43.81818181818182,At Risk
INV002709,2,206.0,Healthy
INV002710,2,3.0,Healthy
INV002711,9,57.375,At Risk
INV002712,12,42.54545454545455,At Risk
INV002713,2,162.0,Healthy
INV002714,5,121.5,Healthy
INV002715,1,,Healthy
INV002716,6,99.8,At Risk
INV002717,4,120.66666666666667,Healthy
INV002718,7,66.83333333333333,At Risk
INV002719,3,114.5,Healthy
INV002720,4,107.0,Healthy
INV002721,1,,Healthy
INV002722,10,47.77777777777778,At Risk
INV002723,9,37.75,At Risk
INV002724,12,34.81818181818182,Healthy
INV002725,6,93.0,At Risk
INV002726,12,29.90909090909091,Healthy
INV002727,8,70.28571428571429,At Risk
INV002728,1,,Healthy
INV002729,8,64.71428571428571,At Risk
INV002730,1,,Healthy
INV002731,2,214.0,Healthy
INV002732,11,49.5,At Risk
INV002733,10,54.111111111111114,At Risk
INV002734,6,80.8,At Risk
INV002735,12,43.18181818181818,At Risk
INV002736,11,42.9,At Risk
INV002737,12,38.81818181818182,At Risk
INV002738,5,57.75,Healthy
INV002739,3,174.0,Healthy
INV002740,7,79.0,At Risk
INV002741,4,123.0,Healthy
INV002742,2,1.0,Healthy
INV002743,8,63.0,At Risk
INV002744,10,52.888888888888886,At Risk
INV002745,6,97.2,At Risk
INV002746,11,47.6,At Risk
INV002747,7,78.33333333333333,At Risk
INV002748,7,70.83333333333333,At Risk
INV002749,3,157.0,Healthy
INV002750,9,52.625,At Risk
INV002751,10,48.666666666666664,At Risk
INV002752,9,42.375,At Risk
INV002753,11,37.2,At Risk
INV002754,6,93.2,At Risk
INV002755,1,,Healthy
INV002756,3,230.0,Healthy
INV002757,5,75.25,Healthy
INV002758,9,56.75,At Risk
INV002759,7,82.0,At Risk
INV002760,1,,Healthy
INV002761,12,44.0,At Risk
INV002762,9,46.25,At Risk
INV002763,2,409.0,Healthy
INV002764,8,53.285714285714285,At Risk
INV002765,8,66.57142857142857,At Risk
INV002766,12,33.63636363636363,Healthy
INV002767,9,46.625,At Risk
INV002768,1,,Healthy
INV002769,11,49.2,At Risk
INV002770,5,101.0,Healthy
INV002771,5,110.75,Healthy
INV002772,10,49.666666666666664,At Risk
INV002773,2,405.0,Healthy
INV002774,7,76.0,At Risk
INV002775,9,37.5,At Risk
INV002776,6,72.4,At Risk
INV002777,4,144.66666666666666,Healthy
INV002778,4,116.66666666666667,Healthy
INV002779,11,45.9,At Risk
INV002780,5,78.0,Healthy
INV002781,5,40.25,Healthy
INV002782,5,74.25,Healthy
INV002783,12,44.63636363636363,At Risk
INV002784,9,34.75,Healthy
INV002785,6,91.6,At Risk
INV002786,11,49.8,At Risk
INV002787,8,56.714285714285715,At Risk
INV002788,10,50.666666666666664,At Risk
INV002789,3,88.0,Healthy
INV002790,3,247.0,Healthy
INV002791,3,165.5,Healthy
INV002792,4,136.33333333333334,Healthy
INV002793,8,50.857142857142854,At Risk
INV002794,10,39.55555555555556,At Risk
INV002795,1,,Healthy
INV002796,7,68.83333333333333,At Risk
INV002797,2,403.0,Healthy
INV002798,7,74.66666666666667,At Risk
INV002799,9,55.125,At Risk
INV002800,8,54.42857142857143,At Risk
INV002801,7,80.83333333333333,At Risk
INV002802,7,46.333333333333336,At Risk
INV002803,11,39.1,At Risk
INV002804,10,46.55555555555556,At Risk
INV002805,4,157.0,Healthy
INV002806,4,156.33333333333334,Healthy
INV002807,4,67.0,Healthy
INV002808,9,45.875,At Risk
INV002809,6,81.4,At Risk
INV002810,10,25.11111111111111,Healthy
INV002811,8,54.857142857142854,At Risk
INV002812,1,,Healthy
INV002813,9,36.75,At Risk
INV002814,2,198.0,Healthy
INV002815,2,52.0,Healthy
INV002816,2,129.0,Healthy
INV002817,4,139.0,Healthy
INV002818,4,122.0,Healthy
INV002819,7,31.166666666666668,Healthy
INV002820,3,116.0,Healthy
INV002821,2,179.0,Healthy
INV002822,11,46.3,At Risk
INV002823,4,111.0,Healthy
INV002824,12,42.27272727272727,At Risk
INV002825,4,138.33333333333334,Healthy
INV002826,9,57.25,At Risk
INV002827,9,49.125,At Risk
INV002828,12,42.18181818181818,At Risk
INV002829,4,64.0,Healthy
INV002830,6,88.2,At Risk
INV002831,8,54.142857142857146,At Risk
INV002832,10,50.0,At Risk
INV002833,4,99.33333333333333,Healthy
INV002834,10,52.888888888888886,At Risk
INV002835,7,82.33333333333333,At Risk
INV002836,1,,Healthy
INV002837,2,68.0,Healthy
INV002838,10,48.888888888888886,At Risk
INV002839,4,82.0,Healthy
INV002840,5,74.25,Healthy
INV002841,12,19.727272727272727,Healthy
INV002842,1,,Healthy
INV002843,12,44.36363636363637,At Risk
INV002844,1,,Healthy
INV002845,3,110.5,Healthy
INV002846,5,64.5,Healthy
INV002847,11,47.4,At Risk
INV002848,2,150.0,Healthy
INV002849,7,28.166666666666668,Healthy
INV002850,12,36.72727272727273,At Risk
INV002851,5,122.5,Healthy
INV002852,10,43.22222222222222,At Risk
INV002853,5,39.0,Healthy
INV002854,4,126.66666666666667,Healthy
INV002855,3,120.0,Healthy
INV002856,6,79.8,At Risk
INV002857,1,,Healthy
INV002858,4,131.66666666666666,Healthy
INV002859,10,51.0,At Risk
INV002860,3,196.5,Healthy
INV002861,10,53.888888888888886,At Risk
INV002862,8,65.42857142857143,At Risk
INV002863,9,58.75,At Risk
INV002864,10,48.55555555555556,At Risk
INV002865,10,32.77777777777778,Healthy
INV002866,4,120.33333333333333,Healthy
INV002867,6,89.0,At Risk
INV002868,9,43.75,At Risk
INV002869,8,64.14285714285714,At Risk
INV002870,12,45.0,At Risk
INV002871,2,30.0,Healthy
INV002872,6,85.6,At Risk
INV002873,9,62.25,At Risk
INV002874,6,96.4,At Risk
INV002875,3,58.0,Healthy
INV002876,4,116.0,Healthy
INV002877,6,51.8,At Risk
INV002878,2,190.0,Healthy
INV002879,11,43.6,At Risk
INV002880,1,,Healthy
INV002881,9,40.5,At Risk
INV002882,5,113.5,Healthy
INV002883,11,48.0,At Risk
INV002884,2,33.0,Healthy
INV002885,3,20.5,Healthy
INV002886,12,44.18181818181818,At Risk
INV002887,1,,Healthy
INV002888,7,68.0,At Risk
INV002889,2,452.0,Healthy
INV002890,10,45.0,At Risk
INV002891,10,56.55555555555556,At Risk
INV002892,4,117.0,Healthy
INV002893,11,42.8,At Risk
INV002894,6,90.0,At Risk
INV002895,5,95.75,Healthy
INV002896,6,63.6,At Risk
INV002897,8,57.285714285714285,At Risk
INV002898,3,58.0,Healthy
INV002899,6,89.6,At Risk
INV002900,7,65.5,At Risk
INV002901,5,69.25,Healthy
INV002902,4,22.666666666666668,Healthy
INV002903,9,56.0,At Risk
INV002904,10,47.888888888888886,At Risk
INV002905,11,42.9,At Risk
INV002906,8,48.714285714285715,At Risk
INV002907,1,,Healthy
INV002908,3,80.0,Healthy
INV002909,8,70.57142857142857,At Risk
INV002910,3,183.5,Healthy
INV002911,10,51.111111111111114,At Risk
INV002912,12,45.72727272727273,At Risk
INV002913,11,47.1,At Risk
INV002914,6,89.2,At Risk
INV002915,9,43.125,At Risk
INV002916,1,,Healthy
INV002917,5,99.25,Healthy
INV002918,1,,Healthy
INV002919,1,,Healthy
INV002920,4,137.0,Healthy
INV002921,9,51.0,At Risk
INV002922,3,193.5,Healthy
INV002923,2,220.0,Healthy
INV002924,7,26.833333333333332,Healthy
INV002925,4,106.33333333333333,Healthy
INV002926,6,88.6,At Risk
INV002927,11,47.3,At Risk
INV002928,10,46.77777777777778,At Risk
INV002929,9,59.5,At Risk
INV002930,4,95.33333333333333,Healthy
INV002931,9,59.0,At Risk
INV002932,9,44.875,At Risk
INV002933,12,31.272727272727273,Healthy
INV002934,10,34.666666666666664,Healthy
INV002935,9,50.875,At Risk
INV002936,1,,Healthy
INV002937,10,44.77777777777778,At Risk
INV002938,2,121.0,Healthy
INV002939,12,35.54545454545455,At Risk
INV002940,7,74.5,At Risk
INV002941,8,47.285714285714285,At Risk
INV002942,12,41.54545454545455,At Risk
INV002943,8,61.42857142857143,At Risk
INV002944,6,70.2,At Risk
INV002945,10,50.55555555555556,At Risk
INV002946,4,81.0,Healthy
INV002947,10,50.44444444444444,At Risk
INV002948,7,66.0,At Risk
INV002949,5,77.75,Healthy
INV002950,12,41.27272727272727,At Risk
INV002951,10,40.666666666666664,At Risk
INV002952,5,60.75,Healthy
INV002953,5,59.5,Healthy
INV002954,10,45.666666666666664,At Risk
INV002955,2,57.0,Healthy
INV002956,9,55.75,At Risk
INV002957,7,76.5,At Risk
INV002958,3,44.5,Healthy
INV002959,2,104.0,Healthy
INV002960,1,,Healthy
INV002961,9,63.5,At Risk
INV002962,1,,Healthy
INV002963,3,75.5,Healthy
INV002964,7,52.5,At Risk
INV002965,1,,Healthy
INV002966,9,47.625,At Risk
INV002967,3,222.0,Healthy
INV002968,5,80.75,Healthy
INV002969,10,24.88888888888889,Healthy
INV002970,4,125.0,Healthy
INV002971,3,99.0,Healthy
INV002972,1,,Healthy
INV002973,6,48.2,At Risk
INV002974,12,36.63636363636363,At Risk
INV002975,4,34.666666666666664,Healthy
INV002976,3,165.0,Healthy
INV002977,4,141.33333333333334,Healthy
INV002978,6,78.0,At Risk
INV002979,7,64.5,At Risk
INV002980,6,68.2,At Risk
INV002981,3,137.0,Healthy
INV002982,6,71.8,At Risk
INV002983,7,68.16666666666667,At Risk
INV002984,10,53.111111111111114,At Risk
INV002985,6,49.0,At Risk
INV002986,5,121.25,Healthy
INV002987,4,104.66666666666667,Healthy
INV002988,3,36.5,Healthy
INV002989,11,43.3,At Risk
INV002990,3,100.0,Healthy
INV002991,3,164.0,Healthy
INV002992,6,71.6,At Risk
INV002993,9,57.625,At Risk
INV002994,9,44.125,At Risk
INV002995,1,,Healthy
INV002996,12,43.27272727272727,At Risk
INV002997,8,54.857142857142854,At Risk
INV002998,2,6.0,Healthy
INV002999,1,,Healthy
INV003000,7,67.0,At Risk
INV003001,2,106.0,Healthy
INV003002,8,63.42857142857143,At Risk
INV003003,11,46.6,At Risk
INV003004,8,66.85714285714286,At Risk
INV003005,11,37.2,At Risk
INV003006,3,128.5,Healthy
INV003007,12,42.09090909090909,At Risk
INV003008,8,54.714285714285715,At Risk
INV003009,12,27.727272727272727,Healthy
INV003010,7,77.0,At Risk
INV003011,10,48.77777777777778,At Risk
INV003012,6,46.6,At Risk
INV003013,3,41.5,Healthy
INV003014,7,68.66666666666667,At Risk
INV003015,11,45.6,At Risk
INV003016,6,96.6,At Risk
INV003017,7,73.16666666666667,At Risk
INV003018,7,41.833333333333336,At Risk
INV003019,1,,Healthy
INV003020,2,208.0,Healthy
INV003021,8,68.85714285714286,At Risk
INV003022,12,39.09090909090909,At Risk
INV003023,5,94.75,Healthy
INV003024,11,26.7,Healthy
INV003025,11,29.8,Healthy
INV003026,3,206.5,Healthy
INV003027,8,71.0,At Risk
INV003028,10,53.666666666666664,At Risk
INV003029,3,152.5,Healthy
INV003030,2,230.0,Healthy
INV003031,8,62.57142857142857,At Risk
INV003032,2,260.0,Healthy
INV003033,11,47.8,At Risk
INV003034,7,61.333333333333336,At Risk
INV003035,2,76.0,Healthy
INV003036,10,50.22222222222222,At Risk
INV003037,12,43.36363636363637,At Risk
INV003038,4,82.66666666666667,Healthy
INV003039,1,,Healthy
INV003040,10,41.333333333333336,At Risk
INV003041,11,47.3,At Risk
INV003042,5,56.0,Healthy
INV003043,11,44.3,At Risk
INV003044,9,53.375,At Risk
INV003045,11,47.0,At Risk
INV003046,4,94.66666666666667,Healthy
INV003047,12,44.63636363636363,At Risk
INV003048,6,71.0,At Risk
INV003049,9,54.375,At Risk
INV003050,3,116.0,Healthy
INV003051,5,69.5,Healthy
INV003052,3,99.5,Healthy
INV003053,4,113.66666666666667,Healthy
INV003054,11,47.2,At Risk
INV003055,8,68.28571428571429,At Risk
INV003056,1,,Healthy
INV003057,10,53.666666666666664,At Risk
INV003058,10,42.22222222222222,At Risk
INV003059,3,174.0,Healthy
INV003060,12,43.09090909090909,At Risk
INV003061,8,59.57142857142857,At Risk
INV003062,2,110.0,Healthy
INV003063,9,43.375,At Risk
INV003064,4,66.33333333333333,Healthy
INV003065,9,48.75,At Risk
INV003066,3,154.5,Healthy
INV003067,2,149.0,Healthy
INV003068,6,74.0,At Risk
INV003069,8,46.142857142857146,At Risk
INV003070,12,39.63636363636363,At Risk
INV003071,3,79.5,Healthy
INV003072,2,177.0,Healthy
INV003073,9,42.875,At Risk
INV003074,11,46.3,At Risk
INV003075,11,40.2,At Risk
INV003076,3,167.5,Healthy
INV003077,9,60.5,At Risk
INV003078,9,60.625,At Risk
INV003079,7,59.666666666666664,At Risk
INV003080,3,67.0,Healthy
INV003081,5,115.5,Healthy
INV003082,10,36.111111111111114,At Risk
INV003083,11,38.1,At Risk
INV003084,3,170.0,Healthy
INV003085,3,163.5,Healthy
INV003086,7,50.0,At Risk
INV003087,2,106.0,Healthy
INV003088,2,71.0,Healthy
INV003089,8,58.0,At Risk
INV003090,5,99.25,Healthy
INV003091,11,40.7,At Risk
INV003092,2,187.0,Healthy
INV003093,2,28.0,Healthy
INV003094,1,,Healthy
INV003095,12,41.09090909090909,At Risk
INV003096,2,328.0,Healthy
INV003097,12,39.90909090909091,At Risk
INV003098,3,211.5,Healthy
INV003099,6,76.8,At Risk
INV003100,8,59.285714285714285,At Risk
INV003101,7,74.66666666666667,At Risk
INV003102,10,48.888888888888886,At Risk
INV003103,5,91.25,Healthy
INV003104,3,105.5,Healthy
INV003105,12,38.54545454545455,At Risk
INV003106,1,,Healthy
INV003107,1,,Healthy
INV003108,4,152.33333333333334,Healthy
INV003109,5,77.5,Healthy
INV003110,8,52.142857142857146,At Risk
INV003111,10,43.55555555555556,At Risk
INV003112,7,76.33333333333333,At Risk
INV003113,11,49.0,At Risk
INV003114,1,,Healthy
INV003115,7,40.0,At Risk
INV003116,6,47.6,At Risk
INV003117,12,42.36363636363637,At Risk
INV003118,3,80.0,Healthy
INV003119,8,59.57142857142857,At Risk
INV003120,7,61.666666666666664,At Risk
INV003121,12,33.18181818181818,Healthy
INV003122,2,98.0,Healthy
INV003123,9,58.375,At Risk
INV003124,12,39.0,At Risk
INV003125,7,68.33333333333333,At Risk
INV003126,1,,Healthy
INV003127,4,150.66666666666666,Healthy
INV003128,7,61.333333333333336,At Risk
INV003129,6,74.4,At Risk
INV003130,7,51.333333333333336,At Risk
INV003131,2,54.0,Healthy
INV003132,5,119.0,Healthy
INV003133,3,114.5,Healthy
INV003134,12,42.09090909090909,At Risk
INV003135,1,,Healthy
INV003136,4,149.33333333333334,Healthy
INV003137,2,232.0,Healthy
INV003138,2,41.0,Healthy
INV003139,12,30.09090909090909,Healthy
INV003140,12,36.27272727272727,At Risk
INV003141,11,40.5,At Risk
INV003142,3,125.5,Healthy
INV003143,4,127.66666666666667,Healthy
INV003144,11,49.5,At Risk
INV003145,3,68.5,Healthy
INV003146,12,45.0,At Risk
INV003147,5,102.25,Healthy
INV003148,1,,Healthy
INV003149,2,77.0,Healthy
INV003150,8,69.42857142857143,At Risk
INV003151,9,50.625,At Risk
INV003152,1,,Healthy
INV003153,9,44.625,At Risk
INV003154,4,120.66666666666667,Healthy
INV003155,2,84.0,Healthy
INV003156,1,,Healthy
INV003157,4,103.33333333333333,Healthy
INV003158,10,51.0,At Risk
INV003159,6,62.4,At Risk
INV003160,9,61.625,At Risk
INV003161,10,49.888888888888886,At Risk
INV003162,4,58.0,Healthy
INV003163,3,192.0,Healthy
INV003164,4,128.0,Healthy
INV003165,7,79.5,At Risk
INV003166,6,88.6,At Risk
INV003167,6,66.8,At Risk
INV003168,9,62.125,At Risk
INV003169,9,53.625,At Risk
INV003170,1,,Healthy
INV003171,8,66.71428571428571,At Risk
INV003172,1,,Healthy
INV003173,11,46.4,At Risk
INV003174,8,50.142857142857146,At Risk
INV003175,2,25.0,Healthy
INV003176,6,78.4,At Risk
INV003177,2,260.0,Healthy
INV003178,9,41.0,At Risk
INV003179,11,45.0,At Risk
INV003180,1,,Healthy
INV003181,5,113.0,Healthy
INV003182,3,151.0,Healthy
INV003183,3,124.5,Healthy
INV003184,6,93.6,At Risk
INV003185,8,56.857142857142854,At Risk
INV003186,1,,Healthy
INV003187,9,58.25,At Risk
INV003188,8,63.857142857142854,At Risk
INV003189,12,41.81818181818182,At Risk
INV003190,6,77.2,At Risk
INV003191,12,42.63636363636363,At Risk
INV003192,12,37.27272727272727,At Risk
INV003193,11,48.3,At Risk
INV003194,6,79.6,At Risk
INV003195,2,68.0,Healthy
INV003196,8,68.85714285714286,At Risk
INV003197,4,108.66666666666667,Healthy
INV003198,5,123.5,Healthy
INV003199,2,296.0,Healthy
INV003200,9,61.25,At Risk
INV003201,8,62.42857142857143,At Risk
INV003202,7,61.5,At Risk
INV003203,9,53.625,At Risk
INV003204,3,27.5,Healthy
INV003205,12,38.63636363636363,At Risk
INV003206,8,66.85714285714286,At Risk
INV003207,3,68.0,Healthy
INV003208,6,97.0,At Risk
INV003209,8,55.714285714285715,At Risk
INV003210,8,51.57142857142857,At Risk
INV003211,11,45.9,At Risk
INV003212,7,61.5,At Risk
INV003213,5,85.75,Healthy
INV003214,9,46.75,At Risk
INV003215,11,45.1,At Risk
INV003216,5,113.25,Healthy
INV003217,2,91.0,Healthy
INV003218,7,70.33333333333333,At Risk
INV003219,11,32.9,Healthy
INV003220,10,38.44444444444444,At Risk
INV003221,12,33.36363636363637,Healthy
INV003222,10,54.333333333333336,At Risk
INV003223,9,59.25,At Risk
INV003224,7,51.166666666666664,At Risk
INV003225,9,59.0,At Risk
INV003226,7,63.166666666666664,At Risk
INV003227,9,61.75,At Risk
INV003228,9,52.625,At Risk
INV003229,3,203.5,Healthy
INV003230,12,40.09090909090909,At Risk
INV003231,10,55.333333333333336,At Risk
INV003232,11,41.8,At Risk
INV003233,3,84.5,Healthy
INV003234,9,60.375,At Risk
INV003235,8,66.0,At Risk
INV003236,11,48.3,At Risk
INV003237,6,70.2,At Risk
INV003238,10,51.333333333333336,At Risk
INV003239,5,97.5,Healthy
INV003240,6,81.4,At Risk
INV003241,2,23.0,Healthy
INV003242,11,46.7,At Risk
INV003243,6,56.6,At Risk
INV003244,6,64.6,At Risk
INV003245,4,116.66666666666667,Healthy
INV003246,3,102.5,Healthy
INV003247,11,42.3,At Risk
INV003248,9,58.875,At Risk
INV003249,4,155.66666666666666,Healthy
INV003250,11,47.9,At Risk
INV003251,5,101.75,Healthy
INV003252,6,67.6,At Risk
INV003253,6,60.0,At Risk
INV003254,6,37.0,At Risk
INV003255,1,,Healthy
INV003256,10,38.0,At Risk
INV003257,9,42.0,At Risk
INV003258,12,45.18181818181818,At Risk
INV003259,2,166.0,Healthy
INV003260,9,55.875,At Risk
INV003261,5,99.25,Healthy
INV003262,9,53.25,At Risk
INV003263,7,81.16666666666667,At Risk
INV003264,8,57.42857142857143,At Risk
INV003265,4,102.33333333333333,Healthy
INV003266,1,,Healthy
INV003267,9,53.125,At Risk
INV003268,3,178.0,Healthy
INV003269,6,55.8,At Risk
INV003270,8,27.857142857142858,Healthy
INV003271,10,40.77777777777778,At Risk
INV003272,4,102.0,Healthy
INV003273,10,47.77777777777778,At Risk
INV003274,1,,Healthy
INV003275,3,214.5,Healthy
INV003276,7,40.333333333333336,At Risk
INV003277,11,45.4,At Risk
INV003278,5,26.25,Healthy
INV003279,10,56.333333333333336,At Risk
INV003280,5,58.25,Healthy
INV003281,2,313.0,Healthy
INV003282,5,60.75,Healthy
INV003283,2,208.0,Healthy
INV003284,2,96.0,Healthy
INV003285,3,170.0,Healthy
INV003286,2,273.0,Healthy
INV003287,12,41.72727272727273,At Risk
INV003288,12,44.54545454545455,At Risk
INV003289,12,37.0,At Risk
INV003290,1,,Healthy
INV003291,9,49.0,At Risk
INV003292,3,24.5,Healthy
INV003293,1,,Healthy
INV003294,8,54.0,At Risk
INV003295,8,59.42857142857143,At Risk
INV003296,7,42.0,At Risk
INV003297,10,43.22222222222222,At Risk
INV003298,11,40.1,At Risk
INV003299,2,113.0,Healthy
INV003300,7,54.0,At Risk
INV003301,10,52.77777777777778,At Risk
INV003302,5,66.25,Healthy
INV003303,2,251.0,Healthy
INV003304,12,36.18181818181818,At Risk
INV003305,5,64.5,Healthy
INV003306,9,58.875,At Risk
INV003307,2,320.0,Healthy
INV003308,11,45.4,At Risk
INV003309,4,111.66666666666667,Healthy
INV003310,11,42.4,At Risk
INV003311,12,40.0,At Risk
INV003312,3,241.0,Healthy
INV003313,6,61.4,At Risk
INV003314,9,55.125,At Risk
INV003315,6,77.4,At Risk
INV003316,3,52.5,Healthy
INV003317,12,37.27272727272727,At Risk
INV003318,1,,Healthy
INV003319,3,152.5,Healthy
INV003320,12,34.54545454545455,Healthy
INV003321,8,70.28571428571429,At Risk
INV003322,5,105.25,Healthy
INV003323,1,,Healthy
INV003324,8,67.0,At Risk
INV003325,9,63.125,At Risk
INV003326,4,128.66666666666666,Healthy
INV003327,2,351.0,Healthy
INV003328,4,136.0,Healthy
INV003329,11,50.5,At Risk
INV003330,3,114.5,Healthy
INV003331,6,76.2,At Risk
INV003332,6,69.8,At Risk
INV003333,1,,Healthy
INV003334,3,42.0,Healthy
INV003335,5,76.75,Healthy
INV003336,8,62.0,At Risk
INV003337,2,117.0,Healthy
INV003338,12,32.27272727272727,Healthy
INV003339,1,,Healthy
INV003340,11,49.2,At Risk
INV003341,10,56.0,At Risk
INV003342,12,41.72727272727273,At Risk
INV003343,11,47.5,At Risk
INV003344,12,39.36363636363637,At Risk
INV003345,7,56.833333333333336,At Risk
INV003346,7,64.83333333333333,At Risk
INV003347,6,59.6,At Risk
INV003348,2,323.0,Healthy
INV003349,3,143.0,Healthy
INV003350,7,77.0,At Risk
INV003351,7,45.0,At Risk
INV003352,10,54.333333333333336,At Risk
INV003353,5,95.5,Healthy
INV003354,12,42.36363636363637,At Risk
INV003355,8,60.57142857142857,At Risk
INV003356,4,123.0,Healthy
INV003357,8,44.57142857142857,At Risk
INV003358,2,83.0,Healthy
INV003359,7,46.333333333333336,At Risk
INV003360,12,37.81818181818182,At Risk
INV003361,4,130.0,Healthy
INV003362,4,118.66666666666667,Healthy
INV003363,7,61.833333333333336,At Risk
INV003364,1,,Healthy
INV003365,3,36.0,Healthy
INV003366,10,43.55555555555556,At Risk
INV003367,1,,Healthy
INV003368,1,,Healthy
INV003369,6,78.6,At Risk
INV003370,8,54.285714285714285,At Risk
INV003371,4,108.66666666666667,Healthy
INV003372,10,33.0,Healthy
INV003373,12,45.45454545454545,At Risk
INV003374,9,57.625,At Risk
INV003375,10,51.333333333333336,At Risk
INV003376,11,47.8,At Risk
INV003377,7,71.5,At Risk
INV003378,2,17.0,Healthy
INV003379,12,41.0,At Risk
INV003380,11,42.7,At Risk
INV003381,12,37.72727272727273,At Risk
INV003382,11,39.0,At Risk
INV003383,4,141.66666666666666,Healthy
INV003384,2,95.0,Healthy
INV003385,4,133.33333333333334,Healthy
INV003386,2,13.0,Healthy
INV003387,9,52.125,At Risk
INV003388,12,39.09090909090909,At Risk
INV003389,8,54.857142857142854,At Risk
INV003390,3,191.0,Healthy
INV003391,10,38.77777777777778,At Risk
INV003392,4,91.33333333333333,Healthy
INV003393,10,49.55555555555556,At Risk
INV003394,6,84.2,At Risk
INV003395,10,44.77777777777778,At Risk
INV003396,7,82.33333333333333,At Risk
INV003397,4,122.0,Healthy
INV003398,12,39.81818181818182,At Risk
INV003399,7,77.83333333333333,At Risk
INV003400,5,26.25,Healthy
INV003401,9,40.875,At Risk
INV003402,6,94.6,At Risk
INV003403,8,61.857142857142854,At Risk
INV003404,12,40.72727272727273,At Risk
INV003405,10,43.0,At Risk
INV003406,12,37.54545454545455,At Risk
INV003407,10,52.666666666666664,At Risk
INV003408,9,49.125,At Risk
INV003409,10,37.666666666666664,At Risk
INV003410,8,64.42857142857143,At Risk
INV003411,12,45.0,At Risk
INV003412,9,28.625,Healthy
INV003413,1,,Healthy
INV003414,4,147.33333333333334,Healthy
INV003415,7,54.0,At Risk
INV003416,3,89.5,Healthy
INV003417,2,35.0,Healthy
INV003418,4,103.33333333333333,Healthy
INV003419,12,30.272727272727273,Healthy
INV003420,7,66.66666666666667,At Risk
INV003421,6,83.6,At Risk
INV003422,8,72.57142857142857,At Risk
INV003423,6,83.8,At Risk
INV003424,12,39.90909090909091,At Risk
INV003425,4,96.66666666666667,Healthy
INV003426,7,37.333333333333336,At Risk
INV003427,9,56.5,At Risk
INV003428,9,53.875,At Risk
INV003429,9,51.125,At Risk
INV003430,7,61.166666666666664,At Risk
INV003431,8,42.857142857142854,At Risk
INV003432,8,52.57142857142857,At Risk
INV003433,3,48.5,Healthy
INV003434,1,,Healthy
INV003435,10,51.55555555555556,At Risk
INV003436,10,46.22222222222222,At Risk
INV003437,11,45.9,At Risk
INV003438,9,55.25,At Risk
INV003439,4,51.333333333333336,Healthy
INV003440,1,,Healthy
INV003441,4,119.33333333333333,Healthy
INV003442,2,96.0,Healthy
INV003443,5,65.0,Healthy
INV003444,5,91.5,Healthy
INV003445,3,198.0,Healthy
INV003446,2,185.0,Healthy
INV003447,1,,Healthy
INV003448,12,40.63636363636363,At Risk
INV003449,8,51.857142857142854,At Risk
INV003450,12,39.0,At Risk
INV003451,5,107.25,Healthy
INV003452,6,25.6,Healthy
INV003453,4,103.33333333333333,Healthy
INV003454,5,85.75,Healthy
INV003455,11,31.7,Healthy
INV003456,2,184.0,Healthy
INV003457,9,45.375,At Risk
INV003458,10,54.22222222222222,At Risk
INV003459,12,40.90909090909091,At Risk
INV003460,8,52.42857142857143,At Risk
INV003461,3,77.0,Healthy
INV003462,8,61.857142857142854,At Risk
INV003463,6,80.4,At Risk
INV003464,3,160.0,Healthy
INV003465,1,,Healthy
INV003466,1,,Healthy
INV003467,5,84.0,Healthy
INV003468,3,234.0,Healthy
INV003469,8,40.0,At Risk
INV003470,3,175.0,Healthy
INV003471,5,22.25,Healthy
INV003472,1,,Healthy
INV003473,7,79.83333333333333,At Risk
INV003474,1,,Healthy
INV003475,9,56.0,At Risk
INV003476,3,171.5,Healthy
INV003477,7,69.5,At Risk
INV003478,10,50.333333333333336,At Risk
INV003479,11,46.0,At Risk
INV003480,12,37.45454545454545,At Risk
INV003481,1,,Healthy
INV003482,1,,Healthy
INV003483,3,109.0,Healthy
INV003484,7,61.5,At Risk
INV003485,5,125.5,Healthy
INV003486,1,,Healthy
INV003487,11,40.7,At Risk
INV003488,3,232.0,Healthy
INV003489,1,,Healthy
INV003490,3,95.5,Healthy
INV003491,12,43.0,At Risk
INV003492,8,69.14285714285714,At Risk
INV003493,3,199.0,Healthy
INV003494,9,43.125,At Risk
INV003495,12,40.27272727272727,At Risk
INV003496,10,49.55555555555556,At Risk
INV003497,1,,Healthy
INV003498,1,,Healthy
INV003499,3,143.0,Healthy
INV003500,5,117.5,Healthy
INV003501,3,102.0,Healthy
INV003502,2,398.0,Healthy
INV003503,8,66.85714285714286,At Risk
INV003504,1,,Healthy
INV003505,9,64.0,At Risk
INV003506,10,51.111111111111114,At Risk
INV003507,5,103.0,Healthy
INV003508,1,,Healthy
INV003509,12,44.27272727272727,At Risk
INV003510,3,69.0,Healthy
INV003511,12,44.54545454545455,At Risk
INV003512,3,214.5,Healthy
INV003513,7,45.833333333333336,At Risk
INV003514,10,44.55555555555556,At Risk
INV003515,5,24.5,Healthy
INV003516,3,229.5,Healthy
INV003517,4,75.66666666666667,Healthy
INV003518,11,39.6,At Risk
INV003519,4,61.333333333333336,Healthy
INV003520,4,135.0,Healthy
INV003521,9,58.75,At Risk
INV003522,1,,Healthy
INV003523,2,66.0,Healthy
INV003524,12,41.81818181818182,At Risk
INV003525,10,46.111111111111114,At Risk
INV003526,11,44.1,At Risk
INV003527,6,81.4,At Risk
INV003528,11,46.9,At Risk
INV003529,5,24.5,Healthy
INV003530,7,42.5,At Risk
INV003531,12,37.18181818181818,At Risk
INV003532,7,78.5,At Risk
INV003533,11,40.0,At Risk
INV003534,11,39.4,At Risk
INV003535,6,68.0,At Risk
INV003536,10,51.55555555555556,At Risk
INV003537,9,58.375,At Risk
INV003538,3,93.5,Healthy
INV003539,8,63.857142857142854,At Risk
INV003540,6,87.8,At Risk
INV003541,8,56.57142857142857,At Risk
INV003542,3,251.5,Healthy
INV003543,12,37.45454545454545,At Risk
INV003544,3,190.0,Healthy
INV003545,9,56.625,At Risk
INV003546,8,58.857142857142854,At Risk
INV003547,1,,Healthy
INV003548,3,37.5,Healthy
INV003549,4,98.33333333333333,Healthy
INV003550,2,238.0,Healthy
INV003551,1,,Healthy
INV003552,6,85.8,At Risk
INV003553,12,40.54545454545455,At Risk
INV003554,11,38.9,At Risk
INV003555,5,76.5,Healthy
INV003556,8,55.42857142857143,At Risk
INV003557,9,41.75,At Risk
INV003558,9,34.875,Healthy
INV003559,10,48.333333333333336,At Risk
INV003560,5,89.25,Healthy
INV003561,10,51.666666666666664,At Risk
INV003562,9,60.375,At Risk
INV003563,10,49.333333333333336,At Risk
INV003564,11,49.7,At Risk
INV003565,8,62.714285714285715,At Risk
INV003566,7,70.33333333333333,At Risk
INV003567,8,65.71428571428571,At Risk
INV003568,12,27.363636363636363,Healthy
INV003569,7,68.16666666666667,At Risk
INV003570,5,93.5,Healthy
INV003571,6,99.6,At Risk
INV003572,6,86.8,At Risk
INV003573,8,48.714285714285715,At Risk
INV003574,6,98.0,At Risk
INV003575,5,94.75,Healthy
INV003576,2,70.0,Healthy
INV003577,5,84.25,Healthy
INV003578,4,75.0,Healthy
INV003579,8,57.42857142857143,At Risk
INV003580,11,43.6,At Risk
INV003581,12,45.81818181818182,At Risk
INV003582,12,31.363636363636363,Healthy
INV003583,5,104.5,Healthy
INV003584,3,142.0,Healthy
INV003585,1,,Healthy
INV003586,12,39.63636363636363,At Risk
INV003587,8,57.285714285714285,At Risk
INV003588,5,65.75,Healthy
INV003589,5,107.75,Healthy
INV003590,6,71.0,At Risk
INV003591,5,111.75,Healthy
INV003592,10,42.22222222222222,At Risk
INV003593,9,48.875,At Risk
INV003594,6,77.0,At Risk
INV003595,5,82.75,Healthy
INV003596,2,166.0,Healthy
INV003597,10,45.888888888888886,At Risk
INV003598,11,47.6,At Risk
INV003599,11,26.8,Healthy
INV003600,7,70.83333333333333,At Risk
INV003601,10,46.55555555555556,At Risk
INV003602,8,69.57142857142857,At Risk
INV003603,5,83.5,Healthy
INV003604,9,56.375,At Risk
INV003605,5,113.75,Healthy
INV003606,4,95.0,Healthy
INV003607,8,50.285714285714285,At Risk
INV003608,7,49.166666666666664,At Risk
INV003609,7,75.16666666666667,At Risk
INV003610,3,54.5,Healthy
INV003611,11,41.3,At Risk
INV003612,6,45.8,At Risk
INV003613,10,52.44444444444444,At Risk
INV003614,9,60.75,At Risk
INV003615,5,89.75,Healthy
INV003616,7,67.66666666666667,At Risk
INV003617,5,51.75,Healthy
INV003618,3,83.0,Healthy
INV003619,9,60.375,At Risk
INV003620,6,92.6,At Risk
INV003621,3,208.0,Healthy
INV003622,2,123.0,Healthy
INV003623,1,,Healthy
INV003624,5,79.75,Healthy
INV003625,11,31.2,Healthy
INV003626,11,44.9,At Risk
INV003627,10,39.44444444444444,At Risk
INV003628,2,43.0,Healthy
INV003629,1,,Healthy
INV003630,9,39.375,At Risk
INV003631,2,70.0,Healthy
INV003632,3,170.5,Healthy
INV003633,10,44.888888888888886,At Risk
INV003634,10,45.333333333333336,At Risk
INV003635,10,47.111111111111114,At Risk
INV003636,6,95.0,At Risk
INV003637,10,50.44444444444444,At Risk
INV003638,10,29.0,Healthy
INV003639,6,67.0,At Risk
INV003640,5,46.25,Healthy
INV003641,10,52.111111111111114,At Risk
INV003642,10,35.55555555555556,At Risk
INV003643,9,55.375,At Risk
INV003644,6,64.0,At Risk
INV003645,10,52.888888888888886,At Risk
INV003646,2,380.0,Healthy
INV003647,9,54.25,At Risk
INV003648,6,64.8,At Risk
INV003649,11,50.4,At Risk
INV003650,12,32.90909090909091,Healthy
INV003651,7,50.666666666666664,At Risk
INV003652,3,50.0,Healthy
INV003653,5,89.0,Healthy
INV003654,8,51.857142857142854,At Risk
INV003655,12,40.72727272727273,At Risk
INV003656,7,63.333333333333336,At Risk
INV003657,2,246.0,Healthy
INV003658,10,55.0,At Risk
INV003659,5,87.5,Healthy
INV003660,10,43.888888888888886,At Risk
INV003661,9,48.625,At Risk
INV003662,5,105.5,Healthy
INV003663,7,64.66666666666667,At Risk
INV003664,5,128.0,Healthy
INV003665,4,139.0,Healthy
INV003666,10,38.44444444444444,At Risk
INV003667,1,,Healthy
INV003668,2,202.0,Healthy
INV003669,10,35.666666666666664,At Risk
INV003670,11,49.6,At Risk
INV003671,10,38.55555555555556,At Risk
INV003672,11,43.7,At Risk
INV003673,11,48.2,At Risk
INV003674,9,43.5,At Risk
INV003675,9,47.375,At Risk
INV003676,3,72.0,Healthy
INV003677,7,62.0,At Risk
INV003678,10,42.22222222222222,At Risk
INV003679,1,,Healthy
INV003680,7,68.5,At Risk
INV003681,11,40.8,At Risk
INV003682,4,139.66666666666666,Healthy
INV003683,8,66.0,At Risk
INV003684,9,61.375,At Risk
INV003685,9,50.25,At Risk
INV003686,12,43.90909090909091,At Risk
INV003687,3,144.5,Healthy
INV003688,2,275.0,Healthy
INV003689,5,114.0,Healthy
INV003690,2,193.0,Healthy
INV003691,8,72.14285714285714,At Risk
INV003692,3,27.5,Healthy
INV003693,10,47.55555555555556,At Risk
INV003694,5,79.75,Healthy
INV003695,11,42.0,At Risk
INV003696,8,68.28571428571429,At Risk
INV003697,12,43.0,At Risk
INV003698,11,42.6,At Risk
INV003699,4,55.0,Healthy
INV003700,5,77.5,Healthy
INV003701,1,,Healthy
INV003702,7,72.66666666666667,At Risk
INV003703,5,114.75,Healthy
INV003704,1,,Healthy
INV003705,11,50.5,At Risk
INV003706,1,,Healthy
INV003707,8,67.85714285714286,At Risk
INV003708,12,33.0,Healthy
INV003709,8,65.42857142857143,At Risk
INV003710,7,65.5,At Risk
INV003711,8,51.57142857142857,At Risk
INV003712,11,41.0,At Risk
INV003713,11,48.9,At Risk
INV003714,5,114.25,Healthy
INV003715,2,356.0,Healthy
INV003716,6,69.8,At Risk
INV003717,10,51.888888888888886,At Risk
INV003718,8,68.14285714285714,At Risk
INV003719,5,74.5,Healthy
INV003720,11,42.5,At Risk
INV003721,2,360.0,Healthy
INV003722,11,43.2,At Risk
INV003723,9,47.125,At Risk
INV003724,11,42.7,At Risk
INV003725,4,145.33333333333334,Healthy
INV003726,5,70.25,Healthy
INV003727,3,193.0,Healthy
INV003728,5,81.5,Healthy
INV003729,1,,Healthy
INV003730,3,111.5,Healthy
INV003731,12,41.54545454545455,At Risk
INV003732,12,42.54545454545455,At Risk
INV003733,10,49.333333333333336,At Risk
INV003734,10,48.111111111111114,At Risk
INV003735,11,38.1,At Risk
INV003736,12,42.09090909090909,At Risk
INV003737,10,53.55555555555556,At Risk
INV003738,9,41.375,At Risk
INV003739,7,58.333333333333336,At Risk
INV003740,11,31.1,Healthy
INV003741,9,50.75,At Risk
INV003742,5,103.0,Healthy
INV003743,6,63.4,At Risk
INV003744,12,45.54545454545455,At Risk
INV003745,12,35.36363636363637,At Risk
INV003746,1,,Healthy
INV003747,7,63.333333333333336,At Risk
INV003748,12,36.90909090909091,At Risk
INV003749,5,68.5,Healthy
INV003750,6,90.8,At Risk
INV003751,6,80.2,At Risk
INV003752,3,83.0,Healthy
INV003753,2,134.0,Healthy
INV003754,1,,Healthy
INV003755,5,72.0,Healthy
INV003756,9,55.125,At Risk
INV003757,9,61.375,At Risk
INV003758,5,97.75,Healthy
INV003759,5,106.75,Healthy
INV003760,3,113.0,Healthy
INV003761,10,40.333333333333336,At Risk
INV003762,8,51.714285714285715,At Risk
INV003763,3,127.0,Healthy
INV003764,2,143.0,Healthy
INV003765,7,78.5,At Risk
INV003766,12,45.0,At Risk
INV003767,12,39.36363636363637,At Risk
INV003768,2,323.0,Healthy
INV003769,8,65.57142857142857,At Risk
INV003770,2,36.0,Healthy
INV003771,12,45.54545454545455,At Risk
INV003772,11,36.8,At Risk
INV003773,6,75.8,At Risk
INV003774,1,,Healthy
INV003775,9,50.875,At Risk
INV003776,2,341.0,Healthy
INV003777,1,,Healthy
INV003778,10,51.0,At Risk
INV003779,8,54.57142857142857,At Risk
INV003780,10,44.666666666666664,At Risk
INV003781,11,40.9,At Risk
INV003782,11,45.3,At Risk
INV003783,11,45.1,At Risk
INV003784,2,186.0,Healthy
INV003785,7,61.833333333333336,At Risk
INV003786,3,170.5,Healthy
INV003787,12,46.0,At Risk
INV003788,6,89.4,At Risk
INV003789,7,70.33333333333333,At Risk
INV003790,1,,Healthy
INV003791,11,47.1,At Risk
INV003792,7,42.333333333333336,At Risk
INV003793,9,54.25,At Risk
INV003794,11,38.5,At Risk
INV003795,12,36.90909090909091,At Risk
INV003796,2,88.0,Healthy
INV003797,8,67.14285714285714,At Risk
INV003798,9,57.5,At Risk
INV003799,8,63.142857142857146,At Risk
INV003800,4,127.33333333333333,Healthy
INV003801,6,71.6,At Risk
INV003802,1,,Healthy
INV003803,7,76.33333333333333,At Risk
INV003804,4,129.0,Healthy
INV003805,5,70.5,Healthy
INV003806,7,69.16666666666667,At Risk
INV003807,2,166.0,Healthy
INV003808,10,45.666666666666664,At Risk
INV003809,6,73.8,At Risk
INV003810,8,62.285714285714285,At Risk
INV003811,11,48.9,At Risk
INV003812,11,39.7,At Risk
INV003813,8,58.714285714285715,At Risk
INV003814,3,82.0,Healthy
INV003815,12,42.18181818181818,At Risk
INV003816,4,90.33333333333333,Healthy
INV003817,6,85.8,At Risk
INV003818,3,124.0,Healthy
INV003819,5,51.75,Healthy
INV003820,5,105.5,Healthy
INV003821,7,79.33333333333333,At Risk
INV003822,9,41.125,At Risk
INV003823,7,47.833333333333336,At Risk
INV003824,12,39.0,At Risk
INV003825,8,58.0,At Risk
INV003826,3,134.5,Healthy
INV003827,1,,Healthy
INV003828,10,25.0,Healthy
INV003829,12,40.18181818181818,At Risk
INV003830,10,47.333333333333336,At Risk
INV003831,1,,Healthy
INV003832,8,61.57142857142857,At Risk
INV003833,6,39.4,At Risk
INV003834,6,68.2,At Risk
INV003835,7,61.333333333333336,At Risk
INV003836,7,70.0,At Risk
INV003837,2,287.0,Healthy
INV003838,3,159.5,Healthy
INV003839,2,139.0,Healthy
INV003840,3,64.5,Healthy
INV003841,2,35.0,Healthy
INV003842,3,156.5,Healthy
INV003843,1,,Healthy
INV003844,11,44.0,At Risk
INV003845,4,55.333333333333336,Healthy
INV003846,8,70.0,At Risk
INV003847,12,43.81818181818182,At Risk
INV003848,9,43.5,At Risk
INV003849,8,55.142857142857146,At Risk
INV003850,1,,Healthy
INV003851,11,38.0,At Risk
INV003852,3,136.5,Healthy
INV003853,9,57.25,At Risk
INV003854,5,64.25,Healthy
INV003855,6,62.8,At Risk
INV003856,5,52.25,Healthy
INV003857,7,50.333333333333336,At Risk
INV003858,5,85.5,Healthy
INV003859,5,65.25,Healthy
INV003860,11,49.8,At Risk
INV003861,1,,Healthy
INV003862,9,45.875,At Risk
INV003863,2,471.0,Healthy
INV003864,4,141.0,Healthy
INV003865,10,56.77777777777778,At Risk
INV003866,2,79.0,Healthy
INV003867,4,86.66666666666667,Healthy
INV003868,9,54.75,At Risk
INV003869,5,109.25,Healthy
INV003870,5,81.0,Healthy
INV003871,4,100.0,Healthy
INV003872,11,36.3,At Risk
INV003873,4,150.33333333333334,Healthy
INV003874,9,47.125,At Risk
INV003875,1,,Healthy
INV003876,10,50.0,At Risk
INV003877,6,49.8,At Risk
INV003878,5,43.25,Healthy
INV003879,2,243.0,Healthy
INV003880,8,68.57142857142857,At Risk
INV003881,1,,Healthy
INV003882,7,69.33333333333333,At Risk
INV003883,8,30.714285714285715,Healthy
INV003884,5,70.0,Healthy
INV003885,7,59.666666666666664,At Risk
INV003886,1,,Healthy
INV003887,8,53.0,At Risk
INV003888,10,53.666666666666664,At Risk
INV003889,4,159.0,Healthy
INV003890,2,34.0,Healthy
INV003891,5,55.25,Healthy
INV003892,12,45.18181818181818,At Risk
INV003893,3,154.0,Healthy
INV003894,9,54.875,At Risk
INV003895,2,142.0,Healthy
INV003896,8,59.0,At Risk
INV003897,6,71.6,At Risk
INV003898,4,130.66666666666666,Healthy
INV003899,9,52.25,At Risk
INV003900,3,95.5,Healthy
INV003901,10,41.666666666666664,At Risk
INV003902,10,54.111111111111114,At Risk
INV003903,11,35.2,At Risk
INV003904,5,91.25,Healthy
INV003905,7,62.5,At Risk
INV003906,11,49.6,At Risk
INV003907,8,48.42857142857143,At Risk
INV003908,9,47.125,At Risk
INV003909,8,51.42857142857143,At Risk
INV003910,8,54.42857142857143,At Risk
INV003911,8,64.57142857142857,At Risk
INV003912,9,58.875,At Risk
INV003913,8,61.42857142857143,At Risk
INV003914,2,51.0,Healthy
INV003915,2,272.0,Healthy
INV003916,10,41.77777777777778,At Risk
INV003917,2,294.0,Healthy
INV003918,12,39.54545454545455,At Risk
INV003919,4,130.33333333333334,Healthy
INV003920,12,42.54545454545455,At Risk
INV003921,2,90.0,Healthy
INV003922,3,63.0,Healthy
INV003923,2,43.0,Healthy
INV003924,2,231.0,Healthy
INV003925,7,68.33333333333333,At Risk
INV003926,8,68.28571428571429,At Risk
INV003927,2,182.0,Healthy
INV003928,5,87.25,Healthy
INV003929,3,67.0,Healthy
INV003930,1,,Healthy
INV003931,5,84.25,Healthy
INV003932,4,76.33333333333333,Healthy
INV003933,1,,Healthy
INV003934,4,145.0,Healthy
INV003935,2,262.0,Healthy
INV003936,12,41.0,At Risk
INV003937,5,91.25,Healthy
INV003938,11,38.3,At Risk
INV003939,2,159.0,Healthy
INV003940,12,41.81818181818182,At Risk
INV003941,4,102.0,Healthy
INV003942,8,70.28571428571429,At Risk
INV003943,11,34.0,Healthy
INV003944,2,166.0,Healthy
INV003945,11,41.7,At Risk
INV003946,9,53.125,At Risk
INV003947,7,56.5,At Risk
INV003948,9,32.75,Healthy
INV003949,5,71.5,Healthy
INV003950,5,54.5,Healthy
INV003951,9,61.625,At Risk
INV003952,9,43.625,At Risk
INV003953,3,246.5,Healthy
INV003954,5,79.25,Healthy
INV003955,5,78.5,Healthy
INV003956,5,92.0,Healthy
INV003957,11,50.0,At Risk
INV003958,12,42.81818181818182,At Risk
INV003959,2,75.0,Healthy
INV003960,6,76.0,At Risk
INV003961,11,47.3,At Risk
INV003962,11,48.1,At Risk
INV003963,4,48.666666666666664,Healthy
INV003964,12,41.90909090909091,At Risk
INV003965,1,,Healthy
INV003966,4,61.0,Healthy
INV003967,7,63.5,At Risk
INV003968,10,51.333333333333336,At Risk
INV003969,2,175.0,Healthy
INV003970,10,48.111111111111114,At Risk
INV003971,4,81.0,Healthy
INV003972,9,52.625,At Risk
INV003973,9,52.0,At Risk
INV003974,12,44.54545454545455,At Risk
INV003975,11,41.6,At Risk
INV003976,5,88.25,Healthy
INV003977,8,61.714285714285715,At Risk
INV003978,10,53.0,At Risk
INV003979,12,35.63636363636363,At Risk
INV003980,4,155.0,Healthy
INV003981,10,45.111111111111114,At Risk
INV003982,7,62.166666666666664,At Risk
INV003983,4,121.66666666666667,Healthy
INV003984,3,37.0,Healthy
INV003985,7,77.5,At Risk
INV003986,7,61.166666666666664,At Risk
INV003987,9,52.0,At Risk
INV003988,2,221.0,Healthy
INV003989,9,50.875,At Risk
INV003990,3,184.5,Healthy
INV003991,2,286.0,Healthy
INV003992,6,84.6,At Risk
INV003993,5,57.75,Healthy
INV003994,1,,Healthy
INV003995,6,50.6,At Risk
INV003996,9,59.5,At Risk
INV003997,8,59.857142857142854,At Risk
INV003998,4,154.66666666666666,Healthy
INV003999,2,160.0,Healthy
INV004000,1,,Healthy
INV004001,10,33.22222222222222,Healthy
INV004002,4,127.66666666666667,Healthy
INV004003,9,43.375,At Risk
INV004004,12,34.18181818181818,Healthy
INV004005,11,49.9,At Risk
INV004006,10,29.555555555555557,Healthy
INV004007,9,46.25,At Risk
INV004008,4,112.66666666666667,Healthy
INV004009,10,49.666666666666664,At Risk
INV004010,1,,Healthy
INV004011,7,70.33333333333333,At Risk
INV004012,5,109.75,Healthy
INV004013,1,,Healthy
INV004014,11,49.5,At Risk
INV004015,11,47.1,At Risk
INV004016,5,72.75,Healthy
INV004017,11,31.3,Healthy
INV004018,7,80.33333333333333,At Risk
INV004019,8,69.85714285714286,At Risk
INV004020,1,,Healthy
INV004021,1,,Healthy
INV004022,3,177.0,Healthy
INV004023,10,52.0,At Risk
INV004024,12,36.09090909090909,At Risk
INV004025,6,62.2,At Risk
INV004026,7,63.0,At Risk
INV004027,4,75.0,Healthy
INV004028,10,45.22222222222222,At Risk
INV004029,1,,Healthy
INV004030,8,70.14285714285714,At Risk
INV004031,2,72.0,Healthy
INV004032,8,55.57142857142857,At Risk
INV004033,9,56.25,At Risk
INV004034,2,224.0,Healthy
INV004035,4,51.333333333333336,Healthy
INV004036,6,61.6,At Risk
INV004037,8,53.285714285714285,At Risk
INV004038,12,44.27272727272727,At Risk
INV004039,2,198.0,Healthy
INV004040,7,72.0,At Risk
INV004041,4,138.33333333333334,Healthy
INV004042,4,78.33333333333333,Healthy
INV004043,5,100.75,Healthy
INV004044,6,80.6,At Risk
INV004045,7,45.5,At Risk
INV004046,3,145.0,Healthy
INV004047,2,63.0,Healthy
INV004048,2,310.0,Healthy
INV004049,11,32.3,Healthy
INV004050,8,56.0,At Risk
INV004051,10,48.666666666666664,At Risk
INV004052,7,80.66666666666667,At Risk
INV004053,2,159.0,Healthy
INV004054,4,54.333333333333336,Healthy
INV004055,1,,Healthy
INV004056,4,135.33333333333334,Healthy
INV004057,3,13.5,Healthy
INV004058,6,83.8,At Risk
INV004059,3,250.5,Healthy
INV004060,2,209.0,Healthy
INV004061,4,100.0,Healthy
INV004062,4,128.66666666666666,Healthy
INV004063,12,36.0,At Risk
INV004064,12,41.63636363636363,At Risk
INV004065,4,99.66666666666667,Healthy
INV004066,10,50.111111111111114,At Risk
INV004067,8,53.0,At Risk
INV004068,3,98.5,Healthy
INV004069,9,48.5,At Risk
INV004070,12,36.90909090909091,At Risk
INV004071,6,75.2,At Risk
INV004072,2,137.0,Healthy
INV004073,7,62.5,At Risk
INV004074,3,47.0,Healthy
INV004075,7,69.5,At Risk
INV004076,6,76.2,At Risk
INV004077,4,87.0,Healthy
INV004078,9,53.375,At Risk
INV004079,10,50.666666666666664,At Risk
INV004080,8,62.714285714285715,At Risk
INV004081,4,165.0,Healthy
INV004082,4,40.666666666666664,Healthy
INV004083,2,15.0,Healthy
INV004084,7,51.166666666666664,At Risk
INV004085,10,51.666666666666664,At Risk
INV004086,2,179.0,Healthy
INV004087,4,77.33333333333333,Healthy
INV004088,3,238.5,Healthy
INV004089,9,49.25,At Risk
INV004090,5,122.5,Healthy
INV004091,11,41.4,At Risk
INV004092,2,350.0,Healthy
INV004093,1,,Healthy
INV004094,8,66.0,At Risk
INV004095,4,111.66666666666667,Healthy
INV004096,11,48.5,At Risk
INV004097,4,101.66666666666667,Healthy
INV004098,8,41.57142857142857,At Risk
INV004099,10,38.111111111111114,At Risk
INV004100,11,38.9,At Risk
INV004101,3,187.5,Healthy
INV004102,7,79.83333333333333,At Risk
INV004103,3,84.0,Healthy
INV004104,9,53.125,At Risk
INV004105,4,94.0,Healthy
INV004106,6,55.8,At Risk
INV004107,3,58.5,Healthy
INV004108,7,52.5,At Risk
INV004109,7,68.33333333333333,At Risk
INV004110,7,66.0,At Risk
INV004111,3,146.5,Healthy
INV004112,9,34.5,Healthy
INV004113,2,104.0,Healthy
INV004114,7,31.5,Healthy
INV004115,4,103.66666666666667,Healthy
INV004116,11,49.4,At Risk
INV004117,6,20.2,Healthy
INV004118,9,49.875,At Risk
INV004119,8,64.0,At Risk
INV004120,5,95.0,Healthy
INV004121,4,103.0,Healthy
INV004122,2,136.0,Healthy
INV004123,6,85.0,At Risk
INV004124,10,43.888888888888886,At Risk
INV004125,12,44.81818181818182,At Risk
INV004126,2,150.0,Healthy
INV004127,9,63.25,At Risk
INV004128,12,45.0,At Risk
INV004129,2,175.0,Healthy
INV004130,7,65.66666666666667,At Risk
INV004131,7,65.5,At Risk
INV004132,6,78.2,At Risk
INV004133,5,91.75,Healthy
INV004134,8,39.285714285714285,At Risk
INV004135,12,41.0,At Risk
INV004136,1,,Healthy
INV004137,10,19.444444444444443,Healthy
INV004138,10,48.44444444444444,At Risk
INV004139,4,127.66666666666667,Healthy
INV004140,8,68.57142857142857,At Risk
INV004141,1,,Healthy
INV004142,9,60.5,At Risk
INV004143,10,53.888888888888886,At Risk
INV004144,2,82.0,Healthy
INV004145,11,33.1,Healthy
INV004146,10,49.0,At Risk
INV004147,7,61.0,At Risk
INV004148,9,50.875,At Risk
INV004149,7,61.5,At Risk
INV004150,3,179.0,Healthy
INV004151,12,45.09090909090909,At Risk
INV004152,7,60.833333333333336,At Risk
INV004153,11,42.0,At Risk
INV004154,12,46.72727272727273,At Risk
INV004155,1,,Healthy
INV004156,1,,Healthy
INV004157,5,71.75,Healthy
INV004158,1,,Healthy
INV004159,5,59.25,Healthy
INV004160,5,112.25,Healthy
INV004161,6,88.8,At Risk
INV004162,5,87.75,Healthy
INV004163,7,46.5,At Risk
INV004164,3,115.5,Healthy
INV004165,7,69.33333333333333,At Risk
INV004166,4,88.66666666666667,Healthy
INV004167,3,35.0,Healthy
INV004168,3,37.0,Healthy
INV004169,5,108.5,Healthy
INV004170,1,,Healthy
INV004171,4,96.0,Healthy
INV004172,10,49.0,At Risk
INV004173,8,71.28571428571429,At Risk
INV004174,9,60.5,At Risk
INV004175,8,67.85714285714286,At Risk
INV004176,2,50.0,Healthy
INV004177,10,35.333333333333336,At Risk
INV004178,5,117.75,Healthy
INV004179,10,39.55555555555556,At Risk
INV004180,2,13.0,Healthy
INV004181,8,66.71428571428571,At Risk
INV004182,3,43.5,Healthy
INV004183,4,23.333333333333332,Healthy
INV004184,10,40.22222222222222,At Risk
INV004185,6,49.8,At Risk
INV004186,3,41.5,Healthy
INV004187,3,57.0,Healthy
INV004188,4,19.0,Healthy
INV004189,3,137.5,Healthy
INV004190,6,72.6,At Risk
INV004191,11,48.7,At Risk
INV004192,3,9.5,Healthy
INV004193,5,87.0,Healthy
INV004194,3,111.0,Healthy
INV004195,4,83.33333333333333,Healthy
INV004196,10,52.22222222222222,At Risk
INV004197,4,142.33333333333334,Healthy
INV004198,2,168.0,Healthy
INV004199,7,48.5,At Risk
INV004200,3,114.5,Healthy
INV004201,7,43.166666666666664,At Risk
INV004202,9,47.625,At Risk
INV004203,10,51.77777777777778,At Risk
INV004204,7,72.0,At Risk
INV004205,9,51.5,At Risk
INV004206,2,394.0,Healthy
INV004207,5,93.5,Healthy
INV004208,9,45.875,At Risk
INV004209,2,221.0,Healthy
INV004210,6,48.8,At Risk
INV004211,3,221.5,Healthy
INV004212,9,52.0,At Risk
INV004213,2,31.0,Healthy
INV004214,3,101.0,Healthy
INV004215,2,40.0,Healthy
INV004216,8,70.28571428571429,At Risk
INV004217,3,33.0,Healthy
INV004218,1,,Healthy
INV004219,1,,Healthy
INV004220,4,73.0,Healthy
INV004221,2,418.0,Healthy
INV004222,6,58.0,At Risk
INV004223,12,43.36363636363637,At Risk
INV004224,7,43.833333333333336,At Risk
INV004225,8,43.714285714285715,At Risk
INV004226,10,53.44444444444444,At Risk
INV004227,2,42.0,Healthy
INV004228,10,48.22222222222222,At Risk
INV004229,3,155.5,Healthy
INV004230,10,53.55555555555556,At Risk
INV004231,12,39.63636363636363,At Risk
INV004232,12,32.45454545454545,Healthy
INV004233,7,70.5,At Risk
INV004234,2,122.0,Healthy
INV004235,2,25.0,Healthy
INV004236,3,139.5,Healthy
INV004237,8,65.57142857142857,At Risk
INV004238,5,27.5,Healthy
INV004239,9,53.5,At Risk
INV004240,5,101.25,Healthy
INV004241,12,43.90909090909091,At Risk
INV004242,2,133.0,Healthy
INV004243,12,38.63636363636363,At Risk
INV004244,5,92.5,Healthy
INV004245,1,,Healthy
INV004246,11,45.2,At Risk
INV004247,9,59.375,At Risk
INV004248,8,62.857142857142854,At Risk
INV004249,3,187.0,Healthy
INV004250,6,74.4,At Risk
INV004251,1,,Healthy
INV004252,8,58.142857142857146,At Risk
INV004253,6,100.8,At Risk
INV004254,9,59.75,At Risk
INV004255,2,202.0,Healthy
INV004256,4,152.66666666666666,Healthy
INV004257,6,89.2,At Risk
INV004258,11,43.2,At Risk
INV004259,4,144.66666666666666,Healthy
INV004260,2,144.0,Healthy
INV004261,5,118.5,Healthy
INV004262,6,73.0,At Risk
INV004263,6,91.2,At Risk
INV004264,8,53.714285714285715,At Risk
INV004265,7,70.16666666666667,At Risk
INV004266,11,37.1,At Risk
INV004267,12,38.36363636363637,At Risk
INV004268,7,73.66666666666667,At Risk
INV004269,2,261.0,Healthy
INV004270,11,49.5,At Risk
INV004271,12,41.54545454545455,At Risk
INV004272,8,35.0,Healthy
INV004273,6,75.8,At Risk
INV004274,11,48.2,At Risk
INV004275,2,159.0,Healthy
INV004276,9,20.25,Healthy
INV004277,5,112.25,Healthy
INV004278,12,34.18181818181818,Healthy
INV004279,11,35.2,At Risk
INV004280,7,72.66666666666667,At Risk
INV004281,11,45.3,At Risk
INV004282,10,48.55555555555556,At Risk
INV004283,11,35.5,At Risk
INV004284,3,68.0,Healthy
INV004285,11,46.6,At Risk
INV004286,3,123.5,Healthy
INV004287,8,45.57142857142857,At Risk
INV004288,12,41.72727272727273,At Risk
INV004289,12,41.72727272727273,At Risk
INV004290,12,44.63636363636363,At Risk
INV004291,4,138.66666666666666,Healthy
INV004292,1,,Healthy
INV004293,10,48.44444444444444,At Risk
INV004294,8,63.142857142857146,At Risk
INV004295,12,42.27272727272727,At Risk
INV004296,11,51.1,At Risk
INV004297,12,44.0,At Risk
INV004298,8,43.714285714285715,At Risk
INV004299,11,49.1,At Risk
INV004300,6,32.8,Healthy
INV004301,4,133.33333333333334,Healthy
INV004302,7,64.33333333333333,At Risk
INV004303,7,45.5,At Risk
INV004304,5,80.0,Healthy
INV004305,5,103.25,Healthy
INV004306,10,43.22222222222222,At Risk
INV004307,7,50.5,At Risk
INV004308,10,56.44444444444444,At Risk
INV004309,1,,Healthy
INV004310,6,79.6,At Risk
INV004311,5,82.25,Healthy
INV004312,2,146.0,Healthy
INV004313,4,50.333333333333336,Healthy
INV004314,9,51.875,At Risk
INV004315,2,70.0,Healthy
INV004316,8,33.0,Healthy
INV004317,2,172.0,Healthy
INV004318,9,49.75,At Risk
INV004319,12,44.0,At Risk
INV004320,6,83.4,At Risk
INV004321,11,33.6,Healthy
INV004322,6,58.0,At Risk
INV004323,1,,Healthy
INV004324,12,42.36363636363637,At Risk
INV004325,2,22.0,Healthy
INV004326,12,32.81818181818182,Healthy
INV004327,1,,Healthy
INV004328,4,143.33333333333334,Healthy
INV004329,6,80.6,At Risk
INV004330,4,142.66666666666666,Healthy
INV004331,2,177.0,Healthy
INV004332,11,45.3,At Risk
INV004333,7,39.333333333333336,At Risk
INV004334,6,76.4,At Risk
INV004335,9,56.375,At Risk
INV004336,7,71.33333333333333,At Risk
INV004337,6,74.4,At Risk
INV004338,12,40.0,At Risk
INV004339,9,56.5,At Risk
INV004340,9,62.5,At Risk
INV004341,8,56.142857142857146,At Risk
INV004342,6,77.6,At Risk
INV004343,12,40.09090909090909,At Risk
INV004344,4,150.33333333333334,Healthy
INV004345,12,36.54545454545455,At Risk
INV004346,6,67.4,At Risk
INV004347,8,47.42857142857143,At Risk
INV004348,11,42.8,At Risk
INV004349,11,47.9,At Risk
INV004350,5,78.5,Healthy
INV004351,3,178.5,Healthy
INV004352,6,79.8,At Risk
INV004353,9,50.375,At Risk
INV004354,6,59.6,At Risk
INV004355,2,126.0,Healthy
INV004356,10,38.666666666666664,At Risk
INV004357,10,56.333333333333336,At Risk
INV004358,12,41.45454545454545,At Risk
INV004359,5,118.5,Healthy
INV004360,9,58.5,At Risk
INV004361,10,47.888888888888886,At Risk
INV004362,11,41.8,At Risk
INV004363,10,53.333333333333336,At Risk
INV004364,10,44.77777777777778,At Risk
INV004365,12,41.81818181818182,At Risk
INV004366,8,44.57142857142857,At Risk
INV004367,7,79.5,At Risk
INV004368,6,64.8,At Risk
INV004369,9,45.875,At Risk
INV004370,3,39.5,Healthy
INV004371,4,117.0,Healthy
INV004372,12,33.90909090909091,Healthy
INV004373,1,,Healthy
INV004374,10,53.55555555555556,At Risk
INV004375,6,83.6,At Risk
INV004376,12,39.72727272727273,At Risk
INV004377,5,89.0,Healthy
INV004378,7,81.16666666666667,At Risk
INV004379,8,56.42857142857143,At Risk
INV004380,6,96.8,At Risk
INV004381,7,70.33333333333333,At Risk
INV004382,2,261.0,Healthy
INV004383,1,,Healthy
INV004384,9,52.75,At Risk
INV004385,1,,Healthy
INV004386,3,61.5,Healthy
INV004387,4,113.66666666666667,Healthy
INV004388,12,42.72727272727273,At Risk
INV004389,3,27.0,Healthy
INV004390,4,133.0,Healthy
INV004391,7,49.0,At Risk
INV004392,10,50.22222222222222,At Risk
INV004393,7,45.833333333333336,At Risk
INV004394,4,121.66666666666667,Healthy
INV004395,2,113.0,Healthy
INV004396,1,,Healthy
INV004397,1,,Healthy
INV004398,6,93.0,At Risk
INV004399,3,124.5,Healthy
INV004400,11,39.0,At Risk
INV004401,9,61.125,At Risk
INV004402,3,173.0,Healthy
INV004403,10,45.55555555555556,At Risk
INV004404,4,108.33333333333333,Healthy
INV004405,1,,Healthy
INV004406,3,74.0,Healthy
INV004407,7,43.5,At Risk
INV004408,7,63.666666666666664,At Risk
INV004409,1,,Healthy
INV004410,12,37.18181818181818,At Risk
INV004411,9,53.375,At Risk
INV004412,8,70.57142857142857,At Risk
INV004413,11,48.3,At Risk
INV004414,10,41.888888888888886,At Risk
INV004415,3,135.0,Healthy
INV004416,1,,Healthy
INV004417,4,83.33333333333333,Healthy
INV004418,7,39.5,At Risk
INV004419,3,78.0,Healthy
INV004420,5,108.75,Healthy
INV004421,9,56.75,At Risk
INV004422,2,458.0,Healthy
INV004423,2,68.0,Healthy
INV004424,2,101.0,Healthy
INV004425,4,109.33333333333333,Healthy
INV004426,4,86.66666666666667,Healthy
INV004427,12,46.18181818181818,At Risk
INV004428,11,37.3,At Risk
INV004429,2,17.0,Healthy
INV004430,2,122.0,Healthy
INV004431,1,,Healthy
INV004432,3,177.0,Healthy
INV004433,2,69.0,Healthy
INV004434,12,45.72727272727273,At Risk
INV004435,4,129.33333333333334,Healthy
INV004436,8,53.857142857142854,At Risk
INV004437,8,51.285714285714285,At Risk
INV004438,2,89.0,Healthy
INV004439,6,57.8,At Risk
INV004440,6,67.8,At Risk
INV004441,5,92.25,Healthy
INV004442,11,41.6,At Risk
INV004443,11,42.0,At Risk
INV004444,3,24.0,Healthy
INV004445,6,85.2,At Risk
INV004446,11,45.1,At Risk
INV004447,10,33.22222222222222,Healthy
INV004448,8,49.285714285714285,At Risk
INV004449,4,86.66666666666667,Healthy
INV004450,12,33.90909090909091,Healthy
INV004451,8,60.42857142857143,At Risk
INV004452,11,48.6,At Risk
INV004453,5,52.25,Healthy
INV004454,11,49.2,At Risk
INV004455,12,33.36363636363637,Healthy
INV004456,2,162.0,Healthy
INV004457,11,47.7,At Risk
INV004458,6,29.4,Healthy
INV004459,11,39.5,At Risk
INV004460,11,34.0,Healthy
INV004461,9,32.375,Healthy
INV004462,3,203.5,Healthy
INV004463,10,52.666666666666664,At Risk
INV004464,8,53.57142857142857,At Risk
INV004465,11,44.8,At Risk
INV004466,10,51.333333333333336,At Risk
INV004467,8,48.57142857142857,At Risk
INV004468,9,57.625,At Risk
INV004469,3,172.5,Healthy
INV004470,1,,Healthy
INV004471,4,148.0,Healthy
INV004472,11,49.9,At Risk
INV004473,10,48.888888888888886,At Risk
INV004474,7,66.66666666666667,At Risk
INV004475,11,40.7,At Risk
INV004476,9,56.75,At Risk
INV004477,10,45.666666666666664,At Risk
INV004478,3,107.5,Healthy
INV004479,5,71.0,Healthy
INV004480,1,,Healthy
INV004481,9,31.75,Healthy
INV004482,8,70.28571428571429,At Risk
INV004483,6,83.6,At Risk
INV004484,10,35.22222222222222,At Risk
INV004485,5,57.0,Healthy
INV004486,6,77.0,At Risk
INV004487,7,19.666666666666668,Healthy
INV004488,5,111.75,Healthy
INV004489,5,64.75,Healthy
INV004490,5,71.5,Healthy
INV004491,5,118.5,Healthy
INV004492,7,61.333333333333336,At Risk
INV004493,11,50.3,At Risk
INV004494,4,142.0,Healthy
INV004495,8,67.71428571428571,At Risk
INV004496,11,49.7,At Risk
INV004497,12,45.63636363636363,At Risk
INV004498,7,76.33333333333333,At Risk
INV004499,1,,Healthy
INV004500,5,76.0,Healthy
INV004501,2,18.0,Healthy
INV004502,11,44.7,At Risk
INV004503,2,48.0,Healthy
INV004504,10,42.888888888888886,At Risk
INV004505,11,43.0,At Risk
INV004506,5,96.75,Healthy
INV004507,1,,Healthy
INV004508,11,42.6,At Risk
INV004509,6,81.6,At Risk
INV004510,7,78.66666666666667,At Risk
INV004511,7,66.83333333333333,At Risk
INV004512,1,,Healthy
INV004513,10,53.44444444444444,At Risk
INV004514,6,84.8,At Risk
INV004515,8,50.142857142857146,At Risk
INV004516,5,123.5,Healthy
INV004517,8,61.857142857142854,At Risk
INV004518,7,70.83333333333333,At Risk
INV004519,7,68.66666666666667,At Risk
INV004520,7,65.0,At Risk
INV004521,12,33.0,Healthy
INV004522,6,93.8,At Risk
INV004523,10,48.44444444444444,At Risk
INV004524,4,148.33333333333334,Healthy
INV004525,4,120.66666666666667,Healthy
INV004526,10,37.888888888888886,At Risk
INV004527,9,50.875,At Risk
INV004528,7,54.0,At Risk
INV004529,8,65.71428571428571,At Risk
INV004530,4,45.333333333333336,Healthy
INV004531,10,47.55555555555556,At Risk
INV004532,2,59.0,Healthy
INV004533,8,53.714285714285715,At Risk
INV004534,9,49.375,At Risk
INV004535,2,446.0,Healthy
INV004536,2,90.0,Healthy
INV004537,4,81.0,Healthy
INV004538,1,,Healthy
INV004539,4,54.0,Healthy
INV004540,12,33.45454545454545,Healthy
INV004541,1,,Healthy
INV004542,11,32.6,Healthy
INV004543,3,128.5,Healthy
INV004544,9,48.875,At Risk
INV004545,7,42.0,At Risk
INV004546,5,103.0,Healthy
INV004547,11,41.1,At Risk
INV004548,6,99.8,At Risk
INV004549,6,67.8,At Risk
INV004550,1,,Healthy
INV004551,9,46.75,At Risk
INV004552,2,306.0,Healthy
INV004553,9,56.125,At Risk
INV004554,4,56.666666666666664,Healthy
INV004555,10,42.0,At Risk
INV004556,2,278.0,Healthy
INV004557,5,108.0,Healthy
INV004558,4,97.0,Healthy
INV004559,3,173.0,Healthy
INV004560,10,43.0,At Risk
INV004561,3,186.5,Healthy
INV004562,9,52.375,At Risk
INV004563,10,55.888888888888886,At Risk
INV004564,2,356.0,Healthy
INV004565,7,77.83333333333333,At Risk
INV004566,5,76.5,Healthy
INV004567,7,76.33333333333333,At Risk
INV004568,5,59.5,Healthy
INV004569,3,123.0,Healthy
INV004570,3,97.5,Healthy
INV004571,1,,Healthy
INV004572,1,,Healthy
INV004573,5,52.25,Healthy
INV004574,12,36.54545454545455,At Risk
INV004575,3,165.0,Healthy
INV004576,8,60.857142857142854,At Risk
INV004577,1,,Healthy
INV004578,6,58.4,At Risk
INV004579,11,31.0,Healthy
INV004580,1,,Healthy
INV004581,9,63.125,At Risk
INV004582,11,50.5,At Risk
INV004583,7,78.66666666666667,At Risk
INV004584,9,34.25,Healthy
INV004585,5,106.75,Healthy
INV004586,2,71.0,Healthy
INV004587,7,71.83333333333333,At Risk
INV004588,3,151.0,Healthy
INV004589,10,47.333333333333336,At Risk
INV004590,2,204.0,Healthy
INV004591,9,48.5,At Risk
INV004592,9,45.75,At Risk
INV004593,11,48.0,At Risk
INV004594,12,43.27272727272727,At Risk
INV004595,9,37.375,At Risk
INV004596,5,68.75,Healthy
INV004597,1,,Healthy
INV004598,12,38.27272727272727,At Risk
INV004599,3,112.0,Healthy
INV004600,11,48.4,At Risk
INV004601,4,155.66666666666666,Healthy
INV004602,12,43.36363636363637,At Risk
INV004603,1,,Healthy
INV004604,5,69.75,Healthy
INV004605,11,49.3,At Risk
INV004606,8,43.285714285714285,At Risk
INV004607,9,49.0,At Risk
INV004608,10,42.77777777777778,At Risk
INV004609,6,81.8,At Risk
INV004610,3,159.0,Healthy
INV004611,11,33.4,Healthy
INV004612,2,169.0,Healthy
INV004613,1,,Healthy
INV004614,9,49.75,At Risk
INV004615,2,383.0,Healthy
INV004616,8,69.42857142857143,At Risk
INV004617,12,43.18181818181818,At Risk
INV004618,2,57.0,Healthy
INV004619,10,45.666666666666664,At Risk
INV004620,2,196.0,Healthy
INV004621,12,39.45454545454545,At Risk
INV004622,5,117.75,Healthy
INV004623,6,61.6,At Risk
INV004624,1,,Healthy
INV004625,11,48.2,At Risk
INV004626,6,72.2,At Risk
INV004627,9,48.625,At Risk
INV004628,1,,Healthy
INV004629,12,41.09090909090909,At Risk
INV004630,12,36.81818181818182,At Risk
INV004631,11,47.0,At Risk
INV004632,5,120.0,Healthy
INV004633,12,45.09090909090909,At Risk
INV004634,6,65.6,At Risk
INV004635,9,44.0,At Risk
INV004636,11,41.3,At Risk
INV004637,4,131.33333333333334,Healthy
INV004638,11,43.1,At Risk
INV004639,8,57.857142857142854,At Risk
INV004640,11,42.2,At Risk
INV004641,10,37.666666666666664,At Risk
INV004642,7,65.83333333333333,At Risk
INV004643,9,37.0,At Risk
INV004644,5,49.5,Healthy
INV004645,3,148.5,Healthy
INV004646,9,48.375,At Risk
INV004647,9,54.875,At Risk
INV004648,7,39.666666666666664,At Risk
INV004649,4,120.33333333333333,Healthy
INV004650,10,44.888888888888886,At Risk
INV004651,10,47.77777777777778,At Risk
INV004652,3,55.0,Healthy
INV004653,8,70.42857142857143,At Risk
INV004654,8,64.71428571428571,At Risk
INV004655,8,56.714285714285715,At Risk
INV004656,7,80.5,At Risk
INV004657,3,144.5,Healthy
INV004658,1,,Healthy
INV004659,9,44.0,At Risk
INV004660,7,72.16666666666667,At Risk
INV004661,11,48.8,At Risk
INV004662,2,184.0,Healthy
INV004663,2,5.0,Healthy
INV004664,7,62.833333333333336,At Risk
INV004665,10,46.333333333333336,At Risk
INV004666,6,70.2,At Risk
INV004667,4,95.33333333333333,Healthy
INV004668,4,145.0,Healthy
INV004669,6,58.4,At Risk
INV004670,1,,Healthy
INV004671,1,,Healthy
INV004672,11,44.4,At Risk
INV004673,8,46.142857142857146,At Risk
INV004674,3,130.0,Healthy
INV004675,1,,Healthy
INV004676,3,143.5,Healthy
INV004677,5,112.0,Healthy
INV004678,7,82.66666666666667,At Risk
INV004679,5,110.0,Healthy
INV004680,8,40.42857142857143,At Risk
INV004681,4,118.0,Healthy
INV004682,11,33.8,Healthy
INV004683,2,253.0,Healthy
INV004684,3,201.0,Healthy
INV004685,1,,Healthy
INV004686,4,40.0,Healthy
INV004687,6,62.0,At Risk
INV004688,10,45.0,At Risk
INV004689,7,48.0,At Risk
INV004690,1,,Healthy
INV004691,9,54.375,At Risk
INV004692,12,44.81818181818182,At Risk
INV004693,8,59.142857142857146,At Risk
INV004694,7,73.16666666666667,At Risk
INV004695,10,55.333333333333336,At Risk
INV004696,5,70.25,Healthy
INV004697,3,237.0,Healthy
INV004698,5,102.0,Healthy
INV004699,5,83.0,Healthy
INV004700,5,75.25,Healthy
INV004701,11,46.8,At Risk
INV004702,4,131.66666666666666,Healthy
INV004703,5,110.75,Healthy
INV004704,12,43.09090909090909,At Risk
INV004705,3,102.5,Healthy
INV004706,1,,Healthy
INV004707,1,,Healthy
INV004708,1,,Healthy
INV004709,6,67.4,At Risk
INV004710,1,,Healthy
INV004711,9,54.375,At Risk
INV004712,11,37.2,At Risk
INV004713,2,83.0,Healthy
INV004714,2,181.0,Healthy
INV004715,8,48.714285714285715,At Risk
INV004716,9,55.5,At Risk
INV004717,5,123.75,Healthy
INV004718,4,64.0,Healthy
INV004719,6,38.6,At Risk
INV004720,8,52.142857142857146,At Risk
INV004721,3,232.0,Healthy
INV004722,9,54.25,At Risk
INV004723,3,99.0,Healthy
INV004724,6,68.0,At Risk
INV004725,3,121.0,Healthy
INV004726,3,227.0,Healthy
INV004727,2,203.0,Healthy
INV004728,3,68.5,Healthy
INV004729,5,94.5,Healthy
INV004730,3,148.5,Healthy
INV004731,7,55.666666666666664,At Risk
INV004732,1,,Healthy
INV004733,12,37.54545454545455,At Risk
INV004734,7,61.5,At Risk
INV004735,6,94.8,At Risk
INV004736,4,117.66666666666667,Healthy
INV004737,12,44.63636363636363,At Risk
INV004738,11,46.6,At Risk
INV004739,9,59.875,At Risk
INV004740,5,100.75,Healthy
INV004741,10,50.44444444444444,At Risk
INV004742,7,60.666666666666664,At Risk
INV004743,3,250.5,Healthy
INV004744,9,46.625,At Risk
INV004745,8,54.142857142857146,At Risk
INV004746,2,458.0,Healthy
INV004747,6,92.8,At Risk
INV004748,8,59.42857142857143,At Risk
INV004749,4,136.66666666666666,Healthy
INV004750,5,101.25,Healthy
INV004751,4,145.33333333333334,Healthy
INV004752,7,57.333333333333336,At Risk
INV004753,11,39.0,At Risk
INV004754,8,58.714285714285715,At Risk
INV004755,10,40.77777777777778,At Risk
INV004756,11,47.2,At Risk
INV004757,1,,Healthy
INV004758,4,124.33333333333333,Healthy
INV004759,3,183.0,Healthy
INV004760,4,63.333333333333336,Healthy
INV004761,10,41.0,At Risk
INV004762,1,,Healthy
INV004763,12,45.54545454545455,At Risk
INV004764,11,41.5,At Risk
INV004765,5,111.5,Healthy
INV004766,1,,Healthy
INV004767,5,83.0,Healthy
INV004768,4,22.0,Healthy
INV004769,8,57.57142857142857,At Risk
INV004770,12,46.63636363636363,At Risk
INV004771,7,75.66666666666667,At Risk
INV004772,5,68.5,Healthy
INV004773,1,,Healthy
INV004774,9,53.375,At Risk
INV004775,4,159.66666666666666,Healthy
INV004776,10,51.0,At Risk
INV004777,3,164.5,Healthy
INV004778,5,68.75,Healthy
INV004779,3,180.5,Healthy
INV004780,12,41.18181818181818,At Risk
INV004781,5,100.25,Healthy
INV004782,1,,Healthy
INV004783,4,106.33333333333333,Healthy
INV004784,6,84.8,At Risk
INV004785,8,62.142857142857146,At Risk
INV004786,5,119.25,Healthy
INV004787,10,54.77777777777778,At Risk
INV004788,3,124.5,Healthy
INV004789,1,,Healthy
INV004790,9,35.25,At Risk
INV004791,5,119.75,Healthy
INV004792,3,131.5,Healthy
INV004793,2,285.0,Healthy
INV004794,10,52.111111111111114,At Risk
INV004795,3,56.0,Healthy
INV004796,7,28.833333333333332,Healthy
INV004797,11,50.5,At Risk
INV004798,9,53.0,At Risk
INV004799,3,76.0,Healthy
INV004800,2,110.0,Healthy
INV004801,6,81.4,At Risk
INV004802,11,36.0,At Risk
INV004803,6,83.2,At Risk
INV004804,12,37.09090909090909,At Risk
INV004805,9,36.375,At Risk
INV004806,2,93.0,Healthy
INV004807,10,51.55555555555556,At Risk
INV004808,4,75.66666666666667,Healthy
INV004809,2,94.0,Healthy
INV004810,3,137.5,Healthy
INV004811,12,40.36363636363637,At Risk
INV004812,6,50.6,At Risk
INV004813,11,40.7,At Risk
INV004814,4,99.33333333333333,Healthy
INV004815,3,199.0,Healthy
INV004816,4,89.33333333333333,Healthy
INV004817,6,95.2,At Risk
INV004818,10,44.0,At Risk
INV004819,11,42.1,At Risk
INV004820,5,59.75,Healthy
INV004821,10,30.88888888888889,Healthy
INV004822,10,44.111111111111114,At Risk
INV004823,9,51.75,At Risk
INV004824,2,190.0,Healthy
INV004825,10,46.666666666666664,At Risk
INV004826,11,44.3,At Risk
INV004827,7,63.666666666666664,At Risk
INV004828,7,49.666666666666664,At Risk
INV004829,6,67.0,At Risk
INV004830,6,70.8,At Risk
INV004831,7,83.83333333333333,At Risk
INV004832,4,129.0,Healthy
INV004833,12,42.45454545454545,At Risk
INV004834,10,34.333333333333336,Healthy
INV004835,9,60.5,At Risk
INV004836,10,48.22222222222222,At Risk
INV004837,7,74.5,At Risk
INV004838,1,,Healthy
INV004839,3,110.5,Healthy
INV004840,12,39.27272727272727,At Risk
INV004841,10,52.44444444444444,At Risk
INV004842,4,46.333333333333336,Healthy
INV004843,8,50.857142857142854,At Risk
INV004844,10,44.44444444444444,At Risk
INV004845,11,47.2,At Risk
INV004846,7,59.5,At Risk
INV004847,9,55.125,At Risk
INV004848,11,45.3,At Risk
INV004849,10,39.0,At Risk
INV004850,12,38.36363636363637,At Risk
INV004851,7,65.66666666666667,At Risk
INV004852,5,105.75,Healthy
INV004853,7,57.5,At Risk
INV004854,6,96.0,At Risk
INV004855,11,34.1,Healthy
INV004856,5,81.5,Healthy
INV004857,7,70.33333333333333,At Risk
INV004858,7,67.0,At Risk
INV004859,1,,Healthy
INV004860,9,49.0,At Risk
INV004861,3,159.0,Healthy
INV004862,2,273.0,Healthy
INV004863,10,47.111111111111114,At Risk
INV004864,12,38.45454545454545,At Risk
INV004865,11,45.8,At Risk
INV004866,10,36.888888888888886,At Risk
INV004867,5,100.5,Healthy
INV004868,12,36.09090909090909,At Risk
INV004869,4,23.666666666666668,Healthy
INV004870,4,34.0,Healthy
INV004871,12,45.90909090909091,At Risk
INV004872,3,199.0,Healthy
INV004873,1,,Healthy
INV004874,10,46.77777777777778,At Risk
INV004875,9,58.625,At Risk
INV004876,6,82.0,At Risk
INV004877,7,80.5,At Risk
INV004878,1,,Healthy
INV004879,1,,Healthy
INV004880,6,58.2,At Risk
INV004881,5,99.75,Healthy
INV004882,3,69.5,Healthy
INV004883,3,58.0,Healthy
INV004884,3,124.0,Healthy
INV004885,12,42.81818181818182,At Risk
INV004886,6,65.8,At Risk
INV004887,8,57.142857142857146,At Risk
INV004888,7,53.5,At Risk
INV004889,11,44.7,At Risk
INV004890,4,118.33333333333333,Healthy
INV004891,12,43.0,At Risk
INV004892,8,58.285714285714285,At Risk
INV004893,5,27.0,Healthy
INV004894,5,55.75,Healthy
INV004895,4,81.66666666666667,Healthy
INV004896,12,39.72727272727273,At Risk
INV004897,1,,Healthy
INV004898,2,321.0,Healthy
INV004899,8,67.0,At Risk
INV004900,8,42.285714285714285,At Risk
INV004901,9,41.5,At Risk
INV004902,3,190.5,Healthy
INV004903,6,86.2,At Risk
INV004904,4,101.0,Healthy
INV004905,2,295.0,Healthy
INV004906,5,95.0,Healthy
INV004907,5,84.0,Healthy
INV004908,6,74.4,At Risk
INV004909,1,,Healthy
INV004910,10,47.666666666666664,At Risk
INV004911,12,34.72727272727273,Healthy
INV004912,5,116.0,Healthy
INV004913,10,48.333333333333336,At Risk
INV004914,9,60.875,At Risk
INV004915,10,56.888888888888886,At Risk
INV004916,10,54.111111111111114,At Risk
INV004917,8,59.285714285714285,At Risk
INV004918,10,55.111111111111114,At Risk
INV004919,11,50.5,At Risk
INV004920,5,69.5,Healthy
INV004921,1,,Healthy
INV004922,12,39.0,At Risk
INV004923,5,81.0,Healthy
INV004924,10,53.111111111111114,At Risk
INV004925,10,51.0,At Risk
INV004926,12,43.63636363636363,At Risk
INV004927,12,39.18181818181818,At Risk
INV004928,2,21.0,Healthy
INV004929,5,113.0,Healthy
INV004930,6,75.0,At Risk
INV004931,2,213.0,Healthy
INV004932,9,52.25,At Risk
INV004933,7,45.333333333333336,At Risk
INV004934,8,47.142857142857146,At Risk
INV004935,4,51.0,Healthy
INV004936,1,,Healthy
INV004937,2,306.0,Healthy
INV004938,6,70.0,At Risk
INV004939,12,38.81818181818182,At Risk
INV004940,2,160.0,Healthy
INV004941,1,,Healthy
INV004942,6,25.6,Healthy
INV004943,5,99.25,Healthy
INV004944,4,108.33333333333333,Healthy
INV004945,9,58.375,At Risk
INV004946,2,244.0,Healthy
INV004947,10,44.55555555555556,At Risk
INV004948,8,54.714285714285715,At Risk
INV004949,4,34.333333333333336,Healthy
INV004950,7,73.16666666666667,At Risk
INV004951,6,73.6,At Risk
INV004952,5,66.75,Healthy
INV004953,10,44.77777777777778,At Risk
INV004954,5,102.5,Healthy
INV004955,4,76.66666666666667,Healthy
INV004956,11,41.4,At Risk
INV004957,8,68.57142857142857,At Risk
INV004958,8,62.714285714285715,At Risk
INV004959,9,44.25,At Risk
INV004960,5,47.75,Healthy
INV004961,9,59.125,At Risk
INV004962,10,38.77777777777778,At Risk
INV004963,7,73.33333333333333,At Risk
INV004964,4,105.0,Healthy
INV004965,2,168.0,Healthy
INV004966,2,91.0,Healthy
INV004967,8,57.857142857142854,At Risk
INV004968,7,24.5,Healthy
INV004969,9,46.0,At Risk
INV004970,7,68.5,At Risk
INV004971,4,81.66666666666667,Healthy
INV004972,6,84.8,At Risk
INV004973,11,44.0,At Risk
INV004974,11,36.7,At Risk
INV004975,1,,Healthy
INV004976,1,,Healthy
INV004977,4,130.0,Healthy
INV004978,9,55.125,At Risk
INV004979,5,96.75,Healthy
INV004980,8,57.714285714285715,At Risk
INV004981,12,43.09090909090909,At Risk
INV004982,9,52.0,At Risk
INV004983,10,41.55555555555556,At Risk
INV004984,12,41.09090909090909,At Risk
INV004985,5,104.5,Healthy
INV004986,8,69.71428571428571,At Risk
INV004987,5,75.75,Healthy
INV004988,3,221.5,Healthy
INV004989,8,61.714285714285715,At Risk
INV004990,7,51.5,At Risk
INV004991,2,105.0,Healthy
INV004992,12,44.45454545454545,At Risk
INV004993,7,74.33333333333333,At Risk
INV004994,5,86.0,Healthy
INV004995,5,56.5,Healthy
INV004996,11,41.7,At Risk
INV004997,11,48.2,At Risk
INV004998,6,80.2,At Risk
INV004999,9,54.875,At Risk
INV005000,1,,Healthy
